invoice_id,line_number,account_key,shipment_date,product_key,cartons,units,gross_invoice_amount,deduction_rate,payment_terms_days,realised_dso,fiscal_year,invoice_date,co_op_allowance,markdown_allowance,chargeback,other_deduction,total_deductions,net_revenue,due_date,collection_date
1,1,1,2023-03-04,7,13,283,665358,0.047919,60,65,2023,2023-03-04,14348,9565,54.201729,2551,318.833697,633475,2023-05-03,2023-05-08
1,2,1,2023-03-04,1,13,283,673009,0.047919,60,65,2023,2023-03-04,14513,9675,54.825007,2580,322.500043,640759,2023-05-03,2023-05-08
1,3,1,2023-03-04,22,13,283,670988,0.047919,60,65,2023,2023-03-04,14469,9646,54.660368,2572,321.531574,638835,2023-05-03,2023-05-08
1,4,1,2023-03-04,21,3,65,48738,0.047919,60,65,2023,2023-03-04,1051,701,3.970349,187,23.354993,46403,2023-05-03,2023-05-08
1,5,1,2023-03-04,2,7,152,361923,0.047919,60,65,2023,2023-03-04,7804,5203,29.483164,1387,173.430376,344580,2023-05-03,2023-05-08
1,6,1,2023-03-04,9,6,131,322613,0.047919,60,65,2023,2023-03-04,6957,4638,26.280832,1237,154.59313,307153,2023-05-03,2023-05-08
1,7,1,2023-03-04,5,5,109,298382,0.047919,60,65,2023,2023-03-04,6434,4289,24.306965,1144,142.982149,284084,2023-05-03,2023-05-08
1,8,1,2023-03-04,20,9,196,323312,0.047919,60,65,2023,2023-03-04,6972,4648,26.337823,1239,154.928369,307819,2023-05-03,2023-05-08
1,9,1,2023-03-04,40,13,283,788642,0.047919,60,65,2023,2023-03-04,17006,11337,64.244748,3023,377.910282,750851,2023-05-03,2023-05-08
1,10,1,2023-03-04,12,2,44,86927,0.047919,60,65,2023,2023-03-04,1874,1250,7.081315,333,41.654792,82762,2023-05-03,2023-05-08
1,11,1,2023-03-04,24,8,174,127659,0.047919,60,65,2023,2023-03-04,2753,1835,10.399437,489,61.173159,121542,2023-05-03,2023-05-08
1,12,1,2023-03-04,27,11,240,166859,0.047919,60,65,2023,2023-03-04,3598,2399,13.592723,640,79.957193,158863,2023-05-03,2023-05-08
1,13,1,2023-03-04,28,2,44,86750,0.047919,60,65,2023,2023-03-04,1871,1247,7.066841,333,41.569652,82593,2023-05-03,2023-05-08
1,14,1,2023-03-04,10,5,109,191944,0.047919,60,65,2023,2023-03-04,4139,2759,15.636245,736,91.97791,182746,2023-05-03,2023-05-08
1,15,1,2023-03-04,3,4,87,192910,0.047919,60,65,2023,2023-03-04,4160,2773,15.714946,740,92.44086,183666,2023-05-03,2023-05-08
1,16,1,2023-03-04,14,9,196,443642,0.047919,60,65,2023,2023-03-04,9567,6378,36.140215,1701,212.589499,422383,2023-05-03,2023-05-08
1,17,1,2023-03-04,69,4,87,182872,0.047919,60,65,2023,2023-03-04,3943,2629,14.897176,701,87.630444,174109,2023-05-03,2023-05-08
2,1,1,2023-03-17,27,10,218,151690,0.047919,60,65,2023,2023-03-17,3271,2181,12.357021,582,72.688357,144421,2023-05-16,2023-05-21
2,2,1,2023-03-17,6,4,87,155554,0.047919,60,65,2023,2023-03-17,3354,2236,12.671826,596,74.540154,148100,2023-05-16,2023-05-21
2,3,1,2023-03-17,2,7,152,361923,0.047919,60,65,2023,2023-03-17,7804,5203,29.483164,1387,173.430376,344580,2023-05-16,2023-05-21
2,4,1,2023-03-17,8,10,218,469949,0.047919,60,65,2023,2023-03-17,10134,6756,38.283244,1802,225.195555,447430,2023-05-16,2023-05-21
2,5,1,2023-03-17,53,4,87,75778,0.047919,60,65,2023,2023-03-17,1634,1089,6.173083,290,36.312251,72147,2023-05-16,2023-05-21
2,6,1,2023-03-17,35,2,44,90770,0.047919,60,65,2023,2023-03-17,1957,1305,7.394311,348,43.495947,86420,2023-05-16,2023-05-21
2,7,1,2023-03-17,12,11,240,478100,0.047919,60,65,2023,2023-03-17,10310,6873,38.947231,1833,229.101357,455190,2023-05-16,2023-05-21
2,8,1,2023-03-17,18,12,261,278771,0.047919,60,65,2023,2023-03-17,6011,4008,22.709418,1069,133.584811,265413,2023-05-16,2023-05-21
2,9,1,2023-03-17,13,2,44,89703,0.047919,60,65,2023,2023-03-17,1934,1290,7.307468,344,42.985106,85405,2023-05-16,2023-05-21
2,10,1,2023-03-17,20,2,44,71847,0.047919,60,65,2023,2023-03-17,1549,1033,5.85285,275,34.428526,68404,2023-05-16,2023-05-21
2,11,1,2023-03-17,31,2,44,96522,0.047919,60,65,2023,2023-03-17,2081,1388,7.862901,370,46.252357,91896,2023-05-16,2023-05-21
2,12,1,2023-03-17,15,11,240,263969,0.047919,60,65,2023,2023-03-17,5692,3795,21.503568,1012,126.491577,251320,2023-05-16,2023-05-21
2,13,1,2023-03-17,4,5,109,200994,0.047919,60,65,2023,2023-03-17,4334,2889,16.373505,771,96.314734,191363,2023-05-16,2023-05-21
2,14,1,2023-03-17,23,10,218,364455,0.047919,60,65,2023,2023-03-17,7859,5239,29.689416,1397,174.643623,346991,2023-05-16,2023-05-21
2,15,1,2023-03-17,34,2,44,124617,0.047919,60,65,2023,2023-03-17,2687,1791,10.151573,478,59.715135,118645,2023-05-16,2023-05-21
2,16,1,2023-03-17,10,3,65,115166,0.047919,60,65,2023,2023-03-17,2483,1656,9.381747,441,55.186746,109648,2023-05-16,2023-05-21
2,17,1,2023-03-17,14,8,174,394349,0.047919,60,65,2023,2023-03-17,8504,5669,32.124635,1512,188.968444,375452,2023-05-16,2023-05-21
2,18,1,2023-03-17,5,13,283,775794,0.047919,60,65,2023,2023-03-17,16729,11153,63.19811,2974,371.753588,738619,2023-05-16,2023-05-21
2,19,1,2023-03-17,29,8,174,297694,0.047919,60,65,2023,2023-03-17,6419,4280,24.250879,1141,142.652232,283429,2023-05-16,2023-05-21
2,20,1,2023-03-17,61,13,283,202971,0.047919,60,65,2023,2023-03-17,4377,2918,16.534526,778,97.261918,193245,2023-05-16,2023-05-21
2,21,1,2023-03-17,1,9,196,465929,0.047919,60,65,2023,2023-03-17,10047,6698,37.955774,1786,223.26926,443602,2023-05-16,2023-05-21
3,1,1,2023-05-13,15,7,152,167980,0.047919,60,65,2023,2023-05-13,3622,2415,13.684089,644,80.49464,159931,2023-07-12,2023-07-17
3,2,1,2023-05-13,17,8,174,393816,0.047919,60,65,2023,2023-05-13,8492,5661,32.081214,1510,188.713024,374944,2023-07-12,2023-07-17
3,3,1,2023-05-13,39,8,174,189223,0.047919,60,65,2023,2023-05-13,4080,2720,15.414614,725,90.674203,180156,2023-07-12,2023-07-17
3,4,1,2023-05-13,6,5,109,194443,0.047919,60,65,2023,2023-05-13,4193,2795,15.839783,745,93.175193,185125,2023-07-12,2023-07-17
3,5,1,2023-05-13,9,9,196,483919,0.047919,60,65,2023,2023-05-13,10435,6957,39.421248,1855,231.889695,460730,2023-07-12,2023-07-17
3,6,1,2023-05-13,5,3,65,179029,0.047919,60,65,2023,2023-05-13,3861,2574,14.584179,686,85.78929,170450,2023-07-12,2023-07-17
3,7,1,2023-05-13,4,12,261,482387,0.047919,60,65,2023,2023-05-13,10402,6935,39.296411,1849,231.155362,459271,2023-07-12,2023-07-17
3,8,1,2023-05-13,1,12,261,621239,0.047919,60,65,2023,2023-05-13,13396,8931,50.607699,2382,297.692347,591470,2023-07-12,2023-07-17
3,9,1,2023-05-13,27,2,44,30338,0.047919,60,65,2023,2023-05-13,654,436,2.471404,116,14.537671,28884,2023-07-12,2023-07-17
3,10,1,2023-05-13,24,3,65,47872,0.047919,60,65,2023,2023-05-13,1032,688,3.899789,184,22.939935,45578,2023-07-12,2023-07-17
3,11,1,2023-05-13,10,11,240,422277,0.047919,60,65,2023,2023-05-13,9106,6071,34.399738,1619,202.351403,402042,2023-07-12,2023-07-17
3,12,1,2023-05-13,30,12,261,188690,0.047919,60,65,2023,2023-05-13,4069,2713,15.371193,723,90.418782,179649,2023-07-12,2023-07-17
3,13,1,2023-05-13,16,11,240,649845,0.047919,60,65,2023,2023-05-13,14013,9342,52.937983,2491,311.399903,618705,2023-07-12,2023-07-17
3,14,1,2023-05-13,3,10,218,482275,0.047919,60,65,2023,2023-05-13,10400,6933,39.287365,1849,231.102149,459165,2023-07-12,2023-07-17
3,15,1,2023-05-13,35,5,109,226924,0.047919,60,65,2023,2023-05-13,4893,3262,18.485777,870,108.739867,216050,2023-07-12,2023-07-17
3,16,1,2023-05-13,43,3,65,130491,0.047919,60,65,2023,2023-05-13,2814,1876,10.630114,500,62.53008,124238,2023-07-12,2023-07-17
3,17,1,2023-05-13,2,6,131,310220,0.047919,60,65,2023,2023-05-13,6689,4460,25.271283,1189,148.654608,295354,2023-07-12,2023-07-17
3,18,1,2023-05-13,28,4,87,173499,0.047919,60,65,2023,2023-05-13,3741,2494,14.133682,665,83.139304,165185,2023-07-12,2023-07-17
3,19,1,2023-05-13,19,9,196,406264,0.047919,60,65,2023,2023-05-13,8761,5840,33.095286,1557,194.678152,386796,2023-07-12,2023-07-17
4,1,1,2023-05-18,18,10,218,232310,0.047919,60,65,2023,2023-05-18,5009,3340,18.924515,891,111.320676,221177,2023-07-17,2023-07-22
4,2,1,2023-05-18,61,10,218,156132,0.047919,60,65,2023,2023-05-18,3367,2245,12.718866,599,74.81686,148650,2023-07-17,2023-07-22
4,3,1,2023-05-18,3,3,65,144683,0.047919,60,65,2023,2023-05-18,3120,2080,11.78621,555,69.330645,137750,2023-07-17,2023-07-22
4,4,1,2023-05-18,1,8,174,414159,0.047919,60,65,2023,2023-05-18,8931,5954,33.738466,1588,198.461565,394313,2023-07-17,2023-07-22
4,5,1,2023-05-18,35,13,283,590002,0.047919,60,65,2023,2023-05-18,12723,8482,48.063021,2262,282.723654,561729,2023-07-17,2023-07-22
4,6,1,2023-05-18,17,3,65,147681,0.047919,60,65,2023,2023-05-18,3185,2123,12.030455,566,70.767384,140604,2023-07-17,2023-07-22
4,7,1,2023-05-18,5,2,44,119353,0.047919,60,65,2023,2023-05-18,2574,1716,9.722786,458,57.19286,113634,2023-07-17,2023-07-22
4,8,1,2023-05-18,29,12,261,446541,0.047919,60,65,2023,2023-05-18,9629,6419,36.376319,1712,213.978347,425143,2023-07-17,2023-07-22
4,9,1,2023-05-18,11,5,109,230089,0.047919,60,65,2023,2023-05-18,4962,3308,18.743592,882,110.256425,219063,2023-07-17,2023-07-22
4,10,1,2023-05-18,6,9,196,349997,0.047919,60,65,2023,2023-05-18,7547,5031,28.511609,1342,167.715347,333225,2023-07-17,2023-07-22
4,11,1,2023-05-18,39,11,240,260182,0.047919,60,65,2023,2023-05-18,5610,3740,21.195095,997,124.677029,247715,2023-07-17,2023-07-22
4,12,1,2023-05-18,2,5,109,258517,0.047919,60,65,2023,2023-05-18,5575,3716,21.059403,991,123.87884,246129,2023-07-17,2023-07-22
4,13,1,2023-05-18,12,3,65,130391,0.047919,60,65,2023,2023-05-18,2812,1874,10.621972,500,62.482188,124143,2023-07-17,2023-07-22
4,14,1,2023-05-18,8,10,218,469949,0.047919,60,65,2023,2023-05-18,10134,6756,38.283244,1802,225.195555,447430,2023-07-17,2023-07-22
5,1,1,2023-07-11,22,11,240,567759,0.047919,60,65,2023,2023-07-11,12243,8162,46.25108,2177,272.065178,540553,2023-09-09,2023-09-14
5,2,1,2023-07-11,25,10,218,532469,0.047919,60,65,2023,2023-07-11,11482,7655,43.376218,2041,255.154226,506953,2023-09-09,2023-09-14
5,3,1,2023-07-11,30,10,218,157242,0.047919,60,65,2023,2023-07-11,3391,2260,12.809328,603,75.348985,149707,2023-09-09,2023-09-14
5,4,1,2023-07-11,4,8,174,321591,0.047919,60,65,2023,2023-07-11,6935,4623,26.197608,1233,154.103574,306181,2023-09-09,2023-09-14
5,5,1,2023-07-11,24,5,109,79787,0.047919,60,65,2023,2023-07-11,1720,1147,6.499648,306,38.233225,75964,2023-09-09,2023-09-14
5,6,1,2023-07-11,43,10,218,434970,0.047919,60,65,2023,2023-07-11,9380,6253,35.433712,1667,208.433598,414126,2023-09-09,2023-09-14
5,7,1,2023-07-11,33,3,65,60198,0.047919,60,65,2023,2023-07-11,1298,865,4.90391,231,28.846529,57314,2023-09-09,2023-09-14
5,8,1,2023-07-11,14,7,152,345055,0.047919,60,65,2023,2023-07-11,7441,4960,28.109056,1323,165.347388,328520,2023-09-09,2023-09-14
5,9,1,2023-07-11,12,9,196,391173,0.047919,60,65,2023,2023-07-11,8435,5623,31.865916,1500,187.446565,372428,2023-09-09,2023-09-14
5,10,1,2023-07-11,36,11,240,182494,0.047919,60,65,2023,2023-07-11,3935,2623,14.866419,700,87.449522,173749,2023-09-09,2023-09-14
5,11,1,2023-07-11,18,6,131,139386,0.047919,60,65,2023,2023-07-11,3006,2004,11.354709,534,66.792406,132706,2023-09-09,2023-09-14
5,12,1,2023-07-11,2,12,261,620440,0.047919,60,65,2023,2023-07-11,13379,8919,50.542567,2378,297.309217,590709,2023-09-09,2023-09-14
5,13,1,2023-07-11,1,10,218,517699,0.047919,60,65,2023,2023-07-11,11163,7442,42.173082,1985,248.076956,492892,2023-09-09,2023-09-14
5,14,1,2023-07-11,23,6,131,218673,0.047919,60,65,2023,2023-07-11,4715,3144,17.81365,838,104.786174,208194,2023-09-09,2023-09-14
5,15,1,2023-07-11,5,12,261,716117,0.047919,60,65,2023,2023-07-11,15442,10295,58.336717,2745,343.157159,681802,2023-09-09,2023-09-14
5,16,1,2023-07-11,27,5,109,75845,0.047919,60,65,2023,2023-07-11,1635,1090,6.17851,291,36.344179,72210,2023-09-09,2023-09-14
6,1,1,2023-08-26,45,5,109,110602,0.047919,60,65,2023,2023-08-26,2385,1590,9.009951,424,52.99971,105302,2023-10-25,2023-10-30
6,2,1,2023-08-26,15,2,44,47994,0.047919,60,65,2023,2023-08-26,1035,690,3.90974,184,22.998469,45695,2023-10-25,2023-10-30
6,3,1,2023-08-26,14,3,65,147881,0.047919,60,65,2023,2023-08-26,3189,2126,12.046738,567,70.863166,140794,2023-10-25,2023-10-30
6,4,1,2023-08-26,6,6,131,233331,0.047919,60,65,2023,2023-08-26,5031,3354,19.007739,894,111.810232,222150,2023-10-25,2023-10-30
6,5,1,2023-08-26,10,3,65,115166,0.047919,60,65,2023,2023-08-26,2483,1656,9.381747,441,55.186746,109648,2023-10-25,2023-10-30
6,6,1,2023-08-26,39,2,44,47306,0.047919,60,65,2023,2023-08-26,1020,680,3.853654,181,22.668551,45039,2023-10-25,2023-10-30
6,7,1,2023-08-26,71,2,44,70981,0.047919,60,65,2023,2023-08-26,1531,1020,5.78229,272,34.013469,67580,2023-10-25,2023-10-30
6,8,1,2023-08-26,17,6,131,295362,0.047919,60,65,2023,2023-08-26,6369,4246,24.060911,1132,141.534768,281208,2023-10-25,2023-10-30
6,9,1,2023-08-26,7,4,87,204726,0.047919,60,65,2023,2023-08-26,4415,2943,16.677455,785,98.102676,194915,2023-10-25,2023-10-30
6,10,1,2023-08-26,4,4,87,160796,0.047919,60,65,2023,2023-08-26,3467,2312,13.098804,616,77.051787,153090,2023-10-25,2023-10-30
6,11,1,2023-08-26,22,6,131,309687,0.047919,60,65,2023,2023-08-26,6678,4452,25.227862,1187,148.399188,294847,2023-10-25,2023-10-30
6,12,1,2023-08-26,1,12,261,621239,0.047919,60,65,2023,2023-08-26,13396,8931,50.607699,2382,297.692347,591470,2023-10-25,2023-10-30
6,13,1,2023-08-26,61,11,240,171745,0.047919,60,65,2023,2023-08-26,3703,2469,13.990753,658,82.298546,163515,2023-10-25,2023-10-30
6,14,1,2023-08-26,27,2,44,30338,0.047919,60,65,2023,2023-08-26,654,436,2.471404,116,14.537671,28884,2023-10-25,2023-10-30
6,15,1,2023-08-26,75,3,65,214975,0.047919,60,65,2023,2023-08-26,4636,3090,17.512413,824,103.014195,204674,2023-10-25,2023-10-30
6,16,1,2023-08-26,9,11,240,591457,0.047919,60,65,2023,2023-08-26,12754,8503,48.181526,2267,283.420738,563114,2023-10-25,2023-10-30
6,17,1,2023-08-26,13,11,240,493369,0.047919,60,65,2023,2023-08-26,10639,7093,40.191074,1891,236.418084,469727,2023-10-25,2023-10-30
6,18,1,2023-08-26,62,11,240,468206,0.047919,60,65,2023,2023-08-26,10096,6731,38.14122,1795,224.360118,445770,2023-10-25,2023-10-30
6,19,1,2023-08-26,41,7,152,168913,0.047919,60,65,2023,2023-08-26,3642,2428,13.760076,648,80.941625,160819,2023-10-25,2023-10-30
6,20,1,2023-08-26,3,9,196,434048,0.047919,60,65,2023,2023-08-26,9360,6240,35.358629,1664,207.991934,413249,2023-10-25,2023-10-30
6,21,1,2023-08-26,5,13,283,775794,0.047919,60,65,2023,2023-08-26,16729,11153,63.19811,2974,371.753588,738619,2023-10-25,2023-10-30
6,22,1,2023-08-26,24,13,283,207446,0.047919,60,65,2023,2023-08-26,4473,2982,16.899085,795,99.406384,197506,2023-10-25,2023-10-30
6,23,1,2023-08-26,68,10,218,389552,0.047919,60,65,2023,2023-08-26,8400,5600,31.733842,1493,186.669661,370885,2023-10-25,2023-10-30
7,1,1,2023-08-27,26,8,174,280815,0.047919,60,65,2023,2023-08-27,6055,4037,22.875867,1077,134.563922,267358,2023-10-26,2023-10-31
7,2,1,2023-08-27,36,10,218,165904,0.047919,60,65,2023,2023-08-27,3577,2385,13.514926,636,79.499565,157954,2023-10-26,2023-10-31
7,3,1,2023-08-27,11,2,44,92035,0.047919,60,65,2023,2023-08-27,1985,1323,7.497437,353,44.10257,87625,2023-10-26,2023-10-31
7,4,1,2023-08-27,2,7,152,361923,0.047919,60,65,2023,2023-08-27,7804,5203,29.483164,1387,173.430376,344580,2023-10-26,2023-10-31
7,5,1,2023-08-27,27,5,109,75845,0.047919,60,65,2023,2023-08-27,1635,1090,6.17851,291,36.344179,72210,2023-10-26,2023-10-31
7,6,1,2023-08-27,10,8,174,307111,0.047919,60,65,2023,2023-08-27,6622,4415,25.017992,1177,147.164657,292394,2023-10-26,2023-10-31
7,7,1,2023-08-27,35,7,152,317693,0.047919,60,65,2023,2023-08-27,6851,4567,25.880088,1218,152.235814,302470,2023-10-26,2023-10-31
7,8,1,2023-08-27,3,6,131,289365,0.047919,60,65,2023,2023-08-27,6240,4160,23.572419,1109,138.661289,275499,2023-10-26,2023-10-31
7,9,1,2023-08-27,19,6,131,270843,0.047919,60,65,2023,2023-08-27,5840,3894,22.063524,1038,129.785434,257864,2023-10-26,2023-10-31
7,10,1,2023-08-27,1,2,44,103540,0.047919,60,65,2023,2023-08-27,2233,1488,8.434616,397,49.615391,98578,2023-10-26,2023-10-31
7,11,1,2023-08-27,21,5,109,81231,0.047919,60,65,2023,2023-08-27,1752,1168,6.617248,311,38.924988,77338,2023-10-26,2023-10-31
7,12,1,2023-08-27,6,2,44,77777,0.047919,60,65,2023,2023-08-27,1677,1118,6.335913,298,37.270077,74050,2023-10-26,2023-10-31
7,13,1,2023-08-27,12,6,131,260782,0.047919,60,65,2023,2023-08-27,5623,3749,21.243944,1000,124.964376,248285,2023-10-26,2023-10-31
7,14,1,2023-08-27,24,13,283,207446,0.047919,60,65,2023,2023-08-27,4473,2982,16.899085,795,99.406384,197506,2023-10-26,2023-10-31
7,15,1,2023-08-27,5,8,174,477412,0.047919,60,65,2023,2023-08-27,10295,6863,38.891145,1830,228.771439,454534,2023-10-26,2023-10-31
7,16,1,2023-08-27,39,13,283,307488,0.047919,60,65,2023,2023-08-27,6631,4420,25.048748,1179,147.345579,292754,2023-10-26,2023-10-31
7,17,1,2023-08-27,14,3,65,147881,0.047919,60,65,2023,2023-08-27,3189,2126,12.046738,567,70.863166,140794,2023-10-26,2023-10-31
7,18,1,2023-08-27,13,5,109,224259,0.047919,60,65,2023,2023-08-27,4836,3224,18.26867,860,107.462765,213512,2023-10-26,2023-10-31
8,1,1,2023-09-03,2,9,196,465330,0.047919,60,65,2023,2023-09-03,10034,6689,37.906925,1784,222.981912,443032,2023-11-02,2023-11-07
8,2,1,2023-09-03,33,13,283,260860,0.047919,60,65,2023,2023-09-03,5625,3750,21.250276,1000,125.001625,248359,2023-11-02,2023-11-07
8,3,1,2023-09-03,8,13,283,610934,0.047919,60,65,2023,2023-09-03,13174,8783,49.768218,2342,292.754221,581659,2023-11-02,2023-11-07
8,4,1,2023-09-03,44,7,152,407630,0.047919,60,65,2023,2023-09-03,8790,5860,33.206553,1563,195.332666,388097,2023-11-02,2023-11-07
8,5,1,2023-09-03,72,12,261,665214,0.047919,60,65,2023,2023-09-03,14344,9563,54.189969,2550,318.764521,633337,2023-11-02,2023-11-07
8,6,1,2023-09-03,10,13,283,499055,0.047919,60,65,2023,2023-09-03,10761,7174,40.654236,1913,239.142567,475140,2023-11-02,2023-11-07
8,7,1,2023-09-03,9,8,174,430150,0.047919,60,65,2023,2023-09-03,9276,6184,35.041109,1649,206.124173,409538,2023-11-02,2023-11-07
8,8,1,2023-09-03,1,8,174,414159,0.047919,60,65,2023,2023-09-03,8931,5954,33.738466,1588,198.461565,394313,2023-11-02,2023-11-07
8,9,1,2023-09-03,6,3,65,116666,0.047919,60,65,2023,2023-09-03,2516,1677,9.50387,447,55.905116,111075,2023-11-02,2023-11-07
8,10,1,2023-09-03,11,7,152,322124,0.047919,60,65,2023,2023-09-03,6946,4631,26.241029,1235,154.358995,306688,2023-11-02,2023-11-07
8,11,1,2023-09-03,4,8,174,321591,0.047919,60,65,2023,2023-09-03,6935,4623,26.197608,1233,154.103574,306181,2023-11-02,2023-11-07
8,12,1,2023-09-03,17,5,109,246135,0.047919,60,65,2023,2023-09-03,5308,3538,20.050759,944,117.94564,234340,2023-11-02,2023-11-07
8,13,1,2023-09-03,22,4,87,206458,0.047919,60,65,2023,2023-09-03,4452,2968,16.818575,791,98.932792,196565,2023-11-02,2023-11-07
8,14,1,2023-09-03,5,9,196,537088,0.047919,60,65,2023,2023-09-03,11582,7721,43.752538,2059,257.367869,511351,2023-11-02,2023-11-07
8,15,1,2023-09-03,20,5,109,179618,0.047919,60,65,2023,2023-09-03,3873,2582,14.632124,689,86.071316,171011,2023-11-02,2023-11-07
8,16,1,2023-09-03,41,10,218,241304,0.047919,60,65,2023,2023-09-03,5203,3469,19.657252,925,115.630893,229741,2023-11-02,2023-11-07
8,17,1,2023-09-03,12,9,196,391173,0.047919,60,65,2023,2023-09-03,8435,5623,31.865916,1500,187.446565,372428,2023-11-02,2023-11-07
8,18,1,2023-09-03,13,3,65,134555,0.047919,60,65,2023,2023-09-03,2901,1934,10.961202,516,64.477659,128107,2023-11-02,2023-11-07
8,19,1,2023-09-03,32,9,196,313118,0.047919,60,65,2023,2023-09-03,6752,4501,25.507388,1200,150.043456,298114,2023-11-02,2023-11-07
8,20,1,2023-09-03,18,8,174,185848,0.047919,60,65,2023,2023-09-03,4008,2672,15.139612,712,89.056541,176942,2023-11-02,2023-11-07
8,21,1,2023-09-03,40,3,65,181994,0.047919,60,65,2023,2023-09-03,3924,2616,14.825711,698,87.210065,173273,2023-11-02,2023-11-07
9,1,1,2023-09-24,21,13,283,211200,0.047919,60,65,2023,2023-09-24,4554,3036,17.204845,810,101.204968,201079,2023-11-23,2023-11-28
9,2,1,2023-09-24,4,3,65,120597,0.047919,60,65,2023,2023-09-24,2600,1734,9.824103,462,57.78884,114818,2023-11-23,2023-11-28
9,3,1,2023-09-24,9,6,131,322613,0.047919,60,65,2023,2023-09-24,6957,4638,26.280832,1237,154.59313,307153,2023-11-23,2023-11-28
9,4,1,2023-09-24,36,10,218,165904,0.047919,60,65,2023,2023-09-24,3577,2385,13.514926,636,79.499565,157954,2023-11-23,2023-11-28
9,5,1,2023-09-24,2,8,174,413626,0.047919,60,65,2023,2023-09-24,8919,5946,33.695045,1586,198.206144,393806,2023-11-23,2023-11-28
9,6,1,2023-09-24,24,3,65,47872,0.047919,60,65,2023,2023-09-24,1032,688,3.899789,184,22.939935,45578,2023-11-23,2023-11-28
9,7,1,2023-09-24,40,6,131,363989,0.047919,60,65,2023,2023-09-24,7849,5233,29.651422,1395,174.42013,346547,2023-11-23,2023-11-28
9,8,1,2023-09-24,33,13,283,260860,0.047919,60,65,2023,2023-09-24,5625,3750,21.250276,1000,125.001625,248359,2023-11-23,2023-11-28
9,9,1,2023-09-24,6,12,261,466662,0.047919,60,65,2023,2023-09-24,10063,6709,38.015479,1789,223.620463,444300,2023-11-23,2023-11-28
9,10,1,2023-09-24,15,9,196,215975,0.047919,60,65,2023,2023-09-24,4657,3105,17.593828,828,103.493108,205625,2023-11-23,2023-11-28
10,1,1,2023-10-02,24,2,44,31915,0.047919,60,65,2023,2023-10-02,688,459,2.599859,122,15.29329,30385,2023-12-01,2023-12-06
10,2,1,2023-10-02,84,8,174,513391,0.047919,60,65,2023,2023-10-02,11071,7380,41.822092,1968,246.012309,488789,2023-12-01,2023-12-06
10,3,1,2023-10-02,1,10,218,517699,0.047919,60,65,2023,2023-10-02,11163,7442,42.173082,1985,248.076956,492892,2023-12-01,2023-12-06
10,4,1,2023-10-02,64,9,196,469727,0.047919,60,65,2023,2023-10-02,10129,6753,38.265152,1801,225.08913,447218,2023-12-01,2023-12-06
10,5,1,2023-10-02,5,4,87,238706,0.047919,60,65,2023,2023-10-02,5147,3432,19.445572,915,114.38572,227267,2023-12-01,2023-12-06
10,6,1,2023-10-02,3,8,174,385820,0.047919,60,65,2023,2023-10-02,8320,5546,31.429892,1479,184.881719,367332,2023-12-01,2023-12-06
10,7,1,2023-10-02,15,13,283,311963,0.047919,60,65,2023,2023-10-02,6727,4485,25.413308,1196,149.490046,297014,2023-12-01,2023-12-06
10,8,1,2023-10-02,2,2,44,103407,0.047919,60,65,2023,2023-10-02,2230,1487,8.423761,396,49.551536,98451,2023-12-01,2023-12-06
10,9,1,2023-10-02,12,7,152,304246,0.047919,60,65,2023,2023-10-02,6561,4374,24.784601,1166,145.791773,289666,2023-12-01,2023-12-06
10,10,1,2023-10-02,21,5,109,81231,0.047919,60,65,2023,2023-10-02,1752,1168,6.617248,311,38.924988,77338,2023-12-01,2023-12-06
10,11,1,2023-10-02,60,7,152,417269,0.047919,60,65,2023,2023-10-02,8998,5999,33.991758,1600,199.951516,397274,2023-12-01,2023-12-06
10,12,1,2023-10-02,25,4,87,212987,0.047919,60,65,2023,2023-10-02,4593,3062,17.350487,816,102.061691,202781,2023-12-01,2023-12-06
10,13,1,2023-10-02,10,4,87,153555,0.047919,60,65,2023,2023-10-02,3311,2207,12.508996,589,73.582328,146197,2023-12-01,2023-12-06
10,14,1,2023-10-02,17,13,283,639951,0.047919,60,65,2023,2023-10-02,13800,9200,52.131973,2453,306.658663,609285,2023-12-01,2023-12-06
10,15,1,2023-10-02,4,9,196,361790,0.047919,60,65,2023,2023-10-02,7801,5201,29.472309,1387,173.366521,344453,2023-12-01,2023-12-06
10,16,1,2023-10-02,9,7,152,376381,0.047919,60,65,2023,2023-10-02,8116,5411,30.660971,1443,180.358652,358346,2023-12-01,2023-12-06
10,17,1,2023-10-02,8,5,109,234975,0.047919,60,65,2023,2023-10-02,5067,3378,19.141622,901,112.597777,223715,2023-12-01,2023-12-06
10,18,1,2023-10-02,37,10,218,614310,0.047919,60,65,2023,2023-10-02,13247,8831,50.04322,2355,294.371883,584873,2023-12-01,2023-12-06
10,19,1,2023-10-02,20,6,131,215541,0.047919,60,65,2023,2023-10-02,4648,3099,17.558549,826,103.285579,205213,2023-12-01,2023-12-06
10,20,1,2023-10-02,57,2,44,35202,0.047919,60,65,2023,2023-10-02,759,506,2.867625,135,16.868382,33515,2023-12-01,2023-12-06
10,21,1,2023-10-02,13,4,87,179407,0.047919,60,65,2023,2023-10-02,3869,2579,14.614936,688,85.970212,170810,2023-12-01,2023-12-06
10,22,1,2023-10-02,22,6,131,309687,0.047919,60,65,2023,2023-10-02,6678,4452,25.227862,1187,148.399188,294847,2023-12-01,2023-12-06
10,23,1,2023-10-02,43,11,240,478467,0.047919,60,65,2023,2023-10-02,10317,6878,38.977083,1834,229.276958,455539,2023-12-01,2023-12-06
10,24,1,2023-10-02,6,2,44,77777,0.047919,60,65,2023,2023-10-02,1677,1118,6.335913,298,37.270077,74050,2023-12-01,2023-12-06
11,1,1,2023-11-05,45,7,152,154843,0.047919,60,65,2023,2023-11-05,3339,2226,12.613931,594,74.199594,147423,2024-01-04,2024-01-09
11,2,1,2023-11-05,18,7,152,162617,0.047919,60,65,2023,2023-11-05,3507,2338,13.24716,623,77.924473,154824,2024-01-04,2024-01-09
11,3,1,2023-11-05,13,12,261,538221,0.047919,60,65,2023,2023-11-05,11606,7737,43.844808,2063,257.910637,512430,2024-01-04,2024-01-09
11,4,1,2023-11-05,16,11,240,649845,0.047919,60,65,2023,2023-11-05,14013,9342,52.937983,2491,311.399903,618705,2024-01-04,2024-01-09
11,5,1,2023-11-05,36,6,131,99542,0.047919,60,65,2023,2023-11-05,2146,1431,8.108956,382,47.699739,94772,2024-01-04,2024-01-09
11,6,1,2023-11-05,61,9,196,140518,0.047919,60,65,2023,2023-11-05,3030,2020,11.44698,539,67.335174,133785,2024-01-04,2024-01-09
11,7,1,2023-11-05,28,10,218,433748,0.047919,60,65,2023,2023-11-05,9353,6235,35.334204,1663,207.84826,412963,2024-01-04,2024-01-09
11,8,1,2023-11-05,2,12,261,620440,0.047919,60,65,2023,2023-11-05,13379,8919,50.542567,2378,297.309217,590709,2024-01-04,2024-01-09
12,1,1,2023-12-03,8,6,131,281970,0.047919,60,65,2023,2023-12-03,6080,4054,22.969947,1081,135.117333,268458,2024-02-01,2024-02-06
12,2,1,2023-12-03,2,2,44,103407,0.047919,60,65,2023,2023-12-03,2230,1487,8.423761,396,49.551536,98451,2024-02-01,2024-02-06
12,3,1,2023-12-03,24,3,65,47872,0.047919,60,65,2023,2023-12-03,1032,688,3.899789,184,22.939935,45578,2024-02-01,2024-02-06
12,4,1,2023-12-03,28,4,87,173499,0.047919,60,65,2023,2023-12-03,3741,2494,14.133682,665,83.139304,165185,2024-02-01,2024-02-06
12,5,1,2023-12-03,62,4,87,170257,0.047919,60,65,2023,2023-12-03,3671,2448,13.869535,653,81.585497,162098,2024-02-01,2024-02-06
12,6,1,2023-12-03,9,10,218,537688,0.047919,60,65,2023,2023-12-03,11594,7730,43.801387,2061,257.655217,511922,2024-02-01,2024-02-06
12,7,1,2023-12-03,27,5,109,75845,0.047919,60,65,2023,2023-12-03,1635,1090,6.17851,291,36.344179,72210,2024-02-01,2024-02-06
12,8,1,2023-12-03,1,7,152,362390,0.047919,60,65,2023,2023-12-03,7814,5210,29.521158,1389,173.653869,345024,2024-02-01,2024-02-06
12,9,1,2023-12-03,46,11,240,757582,0.047919,60,65,2023,2023-12-03,16336,10891,61.714544,2904,363.026729,721280,2024-02-01,2024-02-06
12,10,1,2023-12-03,30,10,218,157242,0.047919,60,65,2023,2023-12-03,3391,2260,12.809328,603,75.348985,149707,2024-02-01,2024-02-06
12,11,1,2023-12-03,58,2,44,102429,0.047919,60,65,2023,2023-12-03,2209,1472,8.344155,393,49.083266,97521,2024-02-01,2024-02-06
12,12,1,2023-12-03,4,8,174,321591,0.047919,60,65,2023,2023-12-03,6935,4623,26.197608,1233,154.103574,306181,2024-02-01,2024-02-06
12,13,1,2023-12-03,26,13,283,456324,0.047919,60,65,2023,2023-12-03,9840,6560,37.173284,1749,218.666374,434457,2024-02-01,2024-02-06
12,14,1,2023-12-03,3,7,152,337593,0.047919,60,65,2023,2023-12-03,7280,4853,27.501156,1294,161.771504,321416,2024-02-01,2024-02-06
12,15,1,2023-12-03,15,5,109,119986,0.047919,60,65,2023,2023-12-03,2587,1725,9.774349,460,57.496171,114236,2024-02-01,2024-02-06
12,16,1,2023-12-03,57,12,261,211211,0.047919,60,65,2023,2023-12-03,4554,3036,17.205749,810,101.21029,201090,2024-02-01,2024-02-06
12,17,1,2023-12-03,13,8,174,358814,0.047919,60,65,2023,2023-12-03,7737,5158,29.229872,1376,171.940425,341620,2024-02-01,2024-02-06
12,18,1,2023-12-03,25,7,152,372728,0.047919,60,65,2023,2023-12-03,8037,5358,30.363353,1429,178.607958,354867,2024-02-01,2024-02-06
13,1,2,2023-01-06,36,6,78,59766,0.059208,60,65,2023,2023-01-06,1592,1062,6.015687,283,35.386391,56228,2023-03-07,2023-03-12
13,2,2,2023-01-06,5,13,170,465797,0.059208,60,65,2023,2023-01-06,12410,8274,46.883968,2206,275.788048,438218,2023-03-07,2023-03-12
13,3,2,2023-01-06,12,9,118,234866,0.059208,60,65,2023,2023-01-06,6258,4172,23.639957,1112,139.05857,220960,2023-03-07,2023-03-12
13,4,2,2023-01-06,6,8,105,186794,0.059208,60,65,2023,2023-01-06,4977,3318,18.801369,885,110.596289,175734,2023-03-07,2023-03-12
13,5,2,2023-01-06,45,13,170,172659,0.059208,60,65,2023,2023-01-06,4600,3067,17.37865,818,102.227352,162436,2023-03-07,2023-03-12
13,6,2,2023-01-06,2,13,170,403564,0.059208,60,65,2023,2023-01-06,10752,7168,40.619977,1912,238.941041,379670,2023-03-07,2023-03-12
13,7,2,2023-01-06,3,6,78,173739,0.059208,60,65,2023,2023-01-06,4629,3086,17.487367,823,102.866866,163452,2023-03-07,2023-03-12
13,8,2,2023-01-06,29,8,105,178739,0.059208,60,65,2023,2023-01-06,4762,3175,17.990688,847,105.827574,168157,2023-03-07,2023-03-12
13,9,2,2023-01-06,30,8,105,75528,0.059208,60,65,2023,2023-01-06,2012,1342,7.602153,358,44.718545,71056,2023-03-07,2023-03-12
13,10,2,2023-01-06,18,4,52,55793,0.059208,60,65,2023,2023-01-06,1487,991,5.615714,264,33.033615,52489,2023-03-07,2023-03-12
13,11,2,2023-01-06,23,10,131,218824,0.059208,60,65,2023,2023-01-06,5830,3887,22.025305,1036,129.560616,205868,2023-03-07,2023-03-12
13,12,2,2023-01-06,10,11,144,253541,0.059208,60,65,2023,2023-01-06,6755,4503,25.519691,1201,150.11583,238529,2023-03-07,2023-03-12
13,13,2,2023-01-06,1,8,105,248667,0.059208,60,65,2023,2023-01-06,6625,4417,25.029121,1178,147.230126,233944,2023-03-07,2023-03-12
13,14,2,2023-01-06,15,9,118,129674,0.059208,60,65,2023,2023-01-06,3455,2303,13.052107,614,76.7771,121996,2023-03-07,2023-03-12
13,15,2,2023-01-06,51,11,144,249214,0.059208,60,65,2023,2023-01-06,6640,4427,25.084151,1180,147.55383,234458,2023-03-07,2023-03-12
13,16,2,2023-01-06,21,7,92,68281,0.059208,60,65,2023,2023-01-06,1819,1213,6.872674,323,40.427491,64238,2023-03-07,2023-03-12
13,17,2,2023-01-06,25,13,170,415612,0.059208,60,65,2023,2023-01-06,11073,7382,41.832644,1969,246.074375,391004,2023-03-07,2023-03-12
13,18,2,2023-01-06,20,4,52,86276,0.059208,60,65,2023,2023-01-06,2299,1532,8.683956,409,51.082095,81168,2023-03-07,2023-03-12
13,19,2,2023-01-06,41,13,170,188347,0.059208,60,65,2023,2023-01-06,5018,3345,18.957734,892,111.516083,177196,2023-03-07,2023-03-12
13,20,2,2023-01-06,27,11,144,100184,0.059208,60,65,2023,2023-01-06,2669,1780,10.083858,475,59.316813,94253,2023-03-07,2023-03-12
13,21,2,2023-01-06,77,13,170,354505,0.059208,60,65,2023,2023-01-06,9445,6297,35.682067,1679,209.894514,333516,2023-03-07,2023-03-12
14,1,2,2023-02-07,15,7,92,100858,0.059208,60,65,2023,2023-02-07,2687,1791,10.151639,478,59.715522,94886,2023-04-08,2023-04-13
14,2,2,2023-02-07,21,7,92,68281,0.059208,60,65,2023,2023-02-07,1819,1213,6.872674,323,40.427491,64238,2023-04-08,2023-04-13
14,3,2,2023-02-07,3,12,157,347478,0.059208,60,65,2023,2023-02-07,9258,6172,34.974734,1646,205.733731,326904,2023-04-08,2023-04-13
14,4,2,2023-02-07,1,11,144,341917,0.059208,60,65,2023,2023-02-07,9110,6073,34.415042,1620,202.441423,321673,2023-04-08,2023-04-13
14,5,2,2023-02-07,29,10,131,223424,0.059208,60,65,2023,2023-02-07,5953,3969,22.48836,1058,132.284468,210196,2023-04-08,2023-04-13
14,6,2,2023-02-07,25,4,52,127881,0.059208,60,65,2023,2023-02-07,3407,2271,12.871583,606,75.715192,120309,2023-04-08,2023-04-13
14,7,2,2023-02-07,10,8,105,184393,0.059208,60,65,2023,2023-02-07,4913,3275,18.559775,873,109.175149,173476,2023-04-08,2023-04-13
14,8,2,2023-02-07,59,6,78,129374,0.059208,60,65,2023,2023-02-07,3447,2298,13.021908,613,76.599457,121714,2023-04-08,2023-04-13
14,9,2,2023-02-07,17,11,144,325122,0.059208,60,65,2023,2023-02-07,8662,5775,32.724556,1540,192.497389,305872,2023-04-08,2023-04-13
14,10,2,2023-02-07,42,11,144,484273,0.059208,60,65,2023,2023-02-07,12903,8602,48.74357,2294,286.72688,455600,2023-04-08,2023-04-13
14,11,2,2023-02-07,27,11,144,100184,0.059208,60,65,2023,2023-02-07,2669,1780,10.083858,475,59.316813,94253,2023-04-08,2023-04-13
14,12,2,2023-02-07,6,9,118,210143,0.059208,60,65,2023,2023-02-07,5599,3733,21.15154,995,124.420825,197701,2023-04-08,2023-04-13
14,13,2,2023-02-07,19,13,170,352338,0.059208,60,65,2023,2023-02-07,9388,6258,35.463962,1669,208.61154,331477,2023-04-08,2023-04-13
14,14,2,2023-02-07,33,3,39,36144,0.059208,60,65,2023,2023-02-07,963,642,3.638001,171,21.400003,34004,2023-04-08,2023-04-13
14,15,2,2023-02-07,4,6,78,144816,0.059208,60,65,2023,2023-02-07,3858,2572,14.576161,686,85.742126,136242,2023-04-08,2023-04-13
15,1,2,2023-03-27,18,9,118,125534,0.059208,60,65,2023,2023-03-27,3345,2230,12.635358,595,74.325633,118101,2023-05-26,2023-05-31
15,2,2,2023-03-27,3,3,39,86869,0.059208,60,65,2023,2023-03-27,2315,1543,8.743684,411,51.433433,81726,2023-05-26,2023-05-31
15,3,2,2023-03-27,35,8,105,217997,0.059208,60,65,2023,2023-03-27,5808,3872,21.942089,1033,129.071112,205090,2023-05-26,2023-05-31
15,4,2,2023-03-27,16,11,144,390176,0.059208,60,65,2023,2023-03-27,10396,6930,39.27242,1848,231.014236,367074,2023-05-26,2023-05-31
15,5,2,2023-03-27,24,8,105,76648,0.059208,60,65,2023,2023-03-27,2042,1361,7.714896,363,45.381744,72110,2023-05-26,2023-05-31
15,6,2,2023-03-27,13,6,78,161578,0.059208,60,65,2023,2023-03-27,4305,2870,16.263292,765,95.666422,152011,2023-05-26,2023-05-31
15,7,2,2023-03-27,6,2,26,46698,0.059208,60,65,2023,2023-03-27,1244,829,4.700342,221,27.649072,43933,2023-05-26,2023-05-31
15,8,2,2023-03-27,2,2,26,62087,0.059208,60,65,2023,2023-03-27,1654,1103,6.249227,294,36.76016,58411,2023-05-26,2023-05-31
15,9,2,2023-03-27,7,5,65,153650,0.059208,60,65,2023,2023-03-27,4094,2729,15.465361,728,90.972712,144553,2023-05-26,2023-05-31
15,10,2,2023-03-27,5,4,52,143322,0.059208,60,65,2023,2023-03-27,3819,2546,14.425836,679,84.857861,134836,2023-05-26,2023-05-31
15,11,2,2023-03-27,1,6,78,186500,0.059208,60,65,2023,2023-03-27,4969,3313,18.771841,883,110.422594,175458,2023-05-26,2023-05-31
15,12,2,2023-03-27,47,7,92,179406,0.059208,60,65,2023,2023-03-27,4780,3187,18.057797,850,106.222335,168784,2023-05-26,2023-05-31
15,13,2,2023-03-27,4,12,157,289631,0.059208,60,65,2023,2023-03-27,7717,5145,29.152323,1372,171.484252,272483,2023-05-26,2023-05-31
15,14,2,2023-03-27,30,12,157,113292,0.059208,60,65,2023,2023-03-27,3019,2012,11.403229,537,67.077818,106585,2023-05-26,2023-05-31
15,15,2,2023-03-27,10,13,170,299639,0.059208,60,65,2023,2023-03-27,7983,5322,30.159635,1419,177.409617,281898,2023-05-26,2023-05-31
15,16,2,2023-03-27,23,7,92,153177,0.059208,60,65,2023,2023-03-27,4081,2721,15.417713,726,90.692431,144107,2023-05-26,2023-05-31
15,17,2,2023-03-27,40,9,118,327816,0.059208,60,65,2023,2023-03-27,8734,5823,32.995678,1553,194.092224,308406,2023-05-26,2023-05-31
15,18,2,2023-03-27,43,3,39,78349,0.059208,60,65,2023,2023-03-27,2087,1392,7.886025,371,46.388385,73710,2023-05-26,2023-05-31
15,19,2,2023-03-27,21,6,78,58526,0.059208,60,65,2023,2023-03-27,1559,1040,5.890863,277,34.652135,55061,2023-05-26,2023-05-31
15,20,2,2023-03-27,49,12,157,109292,0.059208,60,65,2023,2023-03-27,2912,1941,11.000573,518,64.709251,102821,2023-05-26,2023-05-31
16,1,2,2023-06-01,45,10,131,132814,0.059208,60,65,2023,2023-06-01,3539,2359,13.368192,629,78.636425,124951,2023-07-31,2023-08-05
16,2,2,2023-06-01,54,3,39,90290,0.059208,60,65,2023,2023-06-01,2406,1604,9.087955,428,53.458558,84944,2023-07-31,2023-08-05
16,3,2,2023-06-01,33,5,65,60240,0.059208,60,65,2023,2023-06-01,1605,1070,6.063334,285,35.666672,56673,2023-07-31,2023-08-05
16,4,2,2023-06-01,2,11,144,341477,0.059208,60,65,2023,2023-06-01,9098,6065,34.37075,1617,202.180881,321259,2023-07-31,2023-08-05
16,5,2,2023-06-01,6,9,118,210143,0.059208,60,65,2023,2023-06-01,5599,3733,21.15154,995,124.420825,197701,2023-07-31,2023-08-05
16,6,2,2023-06-01,1,7,92,217584,0.059208,60,65,2023,2023-06-01,5797,3865,21.900481,1031,128.82636,204701,2023-07-31,2023-08-05
16,7,2,2023-06-01,4,13,170,313767,0.059208,60,65,2023,2023-06-01,8360,5573,31.581683,1486,185.774606,295190,2023-07-31,2023-08-05
16,8,2,2023-06-01,3,2,26,57913,0.059208,60,65,2023,2023-06-01,1543,1029,5.829122,274,34.288955,54484,2023-07-31,2023-08-05
16,9,2,2023-06-01,26,8,105,168605,0.059208,60,65,2023,2023-06-01,4492,2995,16.970625,799,99.827205,158622,2023-07-31,2023-08-05
16,10,2,2023-06-01,68,8,105,187114,0.059208,60,65,2023,2023-06-01,4985,3324,18.833582,886,110.785775,176035,2023-07-31,2023-08-05
16,11,2,2023-06-01,29,8,105,178739,0.059208,60,65,2023,2023-06-01,4762,3175,17.990688,847,105.827574,168157,2023-07-31,2023-08-05
16,12,2,2023-06-01,32,8,105,167111,0.059208,60,65,2023,2023-06-01,4452,2968,16.8203,792,98.94294,157217,2023-07-31,2023-08-05
16,13,2,2023-06-01,85,10,131,307633,0.059208,60,65,2023,2023-06-01,8196,5464,30.964277,1457,182.142804,289419,2023-07-31,2023-08-05
16,14,2,2023-06-01,15,3,39,43225,0.059208,60,65,2023,2023-06-01,1152,768,4.350702,205,25.592367,40665,2023-07-31,2023-08-05
16,15,2,2023-06-01,5,13,170,465797,0.059208,60,65,2023,2023-06-01,12410,8274,46.883968,2206,275.788048,438218,2023-07-31,2023-08-05
16,16,2,2023-06-01,10,8,105,184393,0.059208,60,65,2023,2023-06-01,4913,3275,18.559775,873,109.175149,173476,2023-07-31,2023-08-05
16,17,2,2023-06-01,7,10,131,307300,0.059208,60,65,2023,2023-06-01,8188,5458,30.930722,1456,181.945423,289106,2023-07-31,2023-08-05
16,18,2,2023-06-01,13,10,131,269296,0.059208,60,65,2023,2023-06-01,7175,4783,27.105486,1276,159.444036,253352,2023-07-31,2023-08-05
17,1,2,2023-06-15,66,7,92,256415,0.059208,60,65,2023,2023-06-15,6832,4555,25.808933,1215,151.817251,241233,2023-08-14,2023-08-19
17,2,2,2023-06-15,1,7,92,217584,0.059208,60,65,2023,2023-06-15,5797,3865,21.900481,1031,128.82636,204701,2023-08-14,2023-08-19
17,3,2,2023-06-15,16,7,92,248294,0.059208,60,65,2023,2023-06-15,6615,4410,24.99154,1176,147.00906,233593,2023-08-14,2023-08-19
17,4,2,2023-06-15,12,6,78,156577,0.059208,60,65,2023,2023-06-15,4172,2781,15.759971,742,92.705713,147306,2023-08-14,2023-08-19
17,5,2,2023-06-15,41,6,78,86929,0.059208,60,65,2023,2023-06-15,2316,1544,8.749723,412,51.468961,81783,2023-08-14,2023-08-19
17,6,2,2023-06-15,52,11,144,413425,0.059208,60,65,2023,2023-06-15,11015,7343,41.612525,1958,244.779558,388947,2023-08-14,2023-08-19
17,7,2,2023-06-15,5,5,65,179153,0.059208,60,65,2023,2023-06-15,4773,3182,18.032295,849,106.072326,168546,2023-08-14,2023-08-19
17,8,2,2023-06-15,7,6,78,184380,0.059208,60,65,2023,2023-06-15,4913,3275,18.558433,873,109.167254,173463,2023-08-14,2023-08-19
17,9,2,2023-06-15,18,5,65,69741,0.059208,60,65,2023,2023-06-15,1858,1239,7.019643,330,41.292018,65612,2023-08-14,2023-08-19
17,10,2,2023-06-15,10,10,131,230492,0.059208,60,65,2023,2023-06-15,6141,4094,23.199719,1092,136.468936,216845,2023-08-14,2023-08-19
17,11,2,2023-06-15,2,5,65,155217,0.059208,60,65,2023,2023-06-15,4136,2757,15.623068,735,91.9004,146027,2023-08-14,2023-08-19
18,1,2,2023-08-18,1,8,105,248667,0.059208,60,65,2023,2023-08-18,6625,4417,25.029121,1178,147.230126,233944,2023-10-17,2023-10-22
18,2,2,2023-08-18,22,5,65,154950,0.059208,60,65,2023,2023-08-18,4128,2752,15.596224,734,91.742496,145776,2023-10-17,2023-10-22
18,3,2,2023-08-18,10,4,52,92197,0.059208,60,65,2023,2023-08-18,2456,1638,9.279888,437,54.587575,86738,2023-10-17,2023-10-22
18,4,2,2023-08-18,18,12,157,167378,0.059208,60,65,2023,2023-08-18,4460,2973,16.847143,793,99.100844,157468,2023-10-17,2023-10-22
18,5,2,2023-08-18,5,2,26,71661,0.059208,60,65,2023,2023-08-18,1909,1273,7.212918,339,42.42893,67418,2023-10-17,2023-10-22
18,6,2,2023-08-18,7,6,78,184380,0.059208,60,65,2023,2023-08-18,4913,3275,18.558433,873,109.167254,173463,2023-10-17,2023-10-22
18,7,2,2023-08-18,32,13,170,271556,0.059208,60,65,2023,2023-08-18,7235,4823,27.332987,1286,160.782277,255478,2023-10-17,2023-10-22
18,8,2,2023-08-18,15,7,92,100858,0.059208,60,65,2023,2023-08-18,2687,1791,10.151639,478,59.715522,94886,2023-10-17,2023-10-22
18,9,2,2023-08-18,12,10,131,260962,0.059208,60,65,2023,2023-08-18,6953,4635,26.266619,1236,154.509522,245511,2023-10-17,2023-10-22
18,10,2,2023-08-18,3,5,65,144782,0.059208,60,65,2023,2023-08-18,3858,2572,14.572806,686,85.722388,136210,2023-10-17,2023-10-22
18,11,2,2023-08-18,2,6,78,186260,0.059208,60,65,2023,2023-08-18,4963,3308,18.747682,882,110.28048,175232,2023-10-17,2023-10-22
18,12,2,2023-08-18,9,12,157,387402,0.059208,60,65,2023,2023-08-18,10322,6881,38.993245,1835,229.37203,364465,2023-10-17,2023-10-22
18,13,2,2023-08-18,24,8,105,76648,0.059208,60,65,2023,2023-08-18,2042,1361,7.714896,363,45.381744,72110,2023-10-17,2023-10-22
18,14,2,2023-08-18,23,11,144,240706,0.059208,60,65,2023,2023-08-18,6413,4276,24.227835,1140,142.516677,226454,2023-10-17,2023-10-22
18,15,2,2023-08-18,26,10,131,210756,0.059208,60,65,2023,2023-08-18,5615,3744,21.213281,998,124.784006,198278,2023-10-17,2023-10-22
18,16,2,2023-08-18,16,8,105,283764,0.059208,60,65,2023,2023-08-18,7560,5040,28.56176,1344,168.010354,266963,2023-10-17,2023-10-22
18,17,2,2023-08-18,30,9,118,84969,0.059208,60,65,2023,2023-08-18,2264,1509,8.552422,402,50.308363,79938,2023-10-17,2023-10-22
18,18,2,2023-08-18,11,2,26,55259,0.059208,60,65,2023,2023-08-18,1472,982,5.562027,262,32.717806,51988,2023-10-17,2023-10-22
18,19,2,2023-08-18,21,13,170,126807,0.059208,60,65,2023,2023-08-18,3379,2252,12.763537,601,75.079627,119299,2023-10-17,2023-10-22
18,20,2,2023-08-18,6,13,170,303540,0.059208,60,65,2023,2023-08-18,8087,5392,30.552225,1438,179.71897,285568,2023-10-17,2023-10-22
18,21,2,2023-08-18,74,7,92,146736,0.059208,60,65,2023,2023-08-18,3910,2606,14.769436,695,86.879038,138048,2023-10-17,2023-10-22
18,22,2,2023-08-18,46,12,157,496214,0.059208,60,65,2023,2023-08-18,13221,8814,49.945499,2350,293.797053,466834,2023-10-17,2023-10-22
18,23,2,2023-08-18,4,2,26,48272,0.059208,60,65,2023,2023-08-18,1286,857,4.85872,229,28.580709,45414,2023-10-17,2023-10-22
18,24,2,2023-08-18,20,13,170,280397,0.059208,60,65,2023,2023-08-18,7471,4981,28.222858,1328,166.01681,263795,2023-10-17,2023-10-22
19,1,2,2023-09-25,2,4,52,124173,0.059208,60,65,2023,2023-09-25,3308,2206,12.498454,588,73.52032,116821,2023-11-24,2023-11-29
19,2,2,2023-09-25,3,13,170,376434,0.059208,60,65,2023,2023-09-25,10030,6686,37.889295,1783,222.878209,354146,2023-11-24,2023-11-29
19,3,2,2023-09-25,18,13,170,181326,0.059208,60,65,2023,2023-09-25,4831,3221,18.251072,859,107.359248,170590,2023-11-24,2023-11-29
19,4,2,2023-09-25,6,7,92,163444,0.059208,60,65,2023,2023-09-25,4355,2903,16.451198,774,96.771753,153767,2023-11-24,2023-11-29
19,5,2,2023-09-25,11,8,105,221037,0.059208,60,65,2023,2023-09-25,5889,3926,22.248108,1047,130.871223,207950,2023-11-24,2023-11-29
19,6,2,2023-09-25,10,6,78,138295,0.059208,60,65,2023,2023-09-25,3685,2456,13.919832,655,81.881362,130107,2023-11-24,2023-11-29
19,7,2,2023-09-25,20,11,144,237259,0.059208,60,65,2023,2023-09-25,6321,4214,23.88088,1124,140.475762,223212,2023-11-24,2023-11-29
19,8,2,2023-09-25,14,9,118,266369,0.059208,60,65,2023,2023-09-25,7097,4731,26.810876,1262,157.711035,250598,2023-11-24,2023-11-29
19,9,2,2023-09-25,57,6,78,63407,0.059208,60,65,2023,2023-09-25,1689,1126,6.382104,300,37.541787,59653,2023-11-24,2023-11-29
19,10,2,2023-09-25,80,6,78,200502,0.059208,60,65,2023,2023-09-25,5342,3561,20.181138,950,118.712579,188631,2023-11-24,2023-11-29
19,11,2,2023-09-25,21,11,144,107298,0.059208,60,65,2023,2023-09-25,2859,1906,10.799916,508,63.528915,100945,2023-11-24,2023-11-29
19,12,2,2023-09-25,27,11,144,100184,0.059208,60,65,2023,2023-09-25,2669,1780,10.083858,475,59.316813,94253,2023-11-24,2023-11-29
19,13,2,2023-09-25,4,4,52,96544,0.059208,60,65,2023,2023-09-25,2572,1715,9.717441,457,57.161417,90828,2023-11-24,2023-11-29
19,14,2,2023-09-25,26,13,170,273983,0.059208,60,65,2023,2023-09-25,7300,4867,27.577265,1298,162.219207,257761,2023-11-24,2023-11-29
19,15,2,2023-09-25,13,8,105,215437,0.059208,60,65,2023,2023-09-25,5740,3827,21.684389,1020,127.555229,202681,2023-11-24,2023-11-29
19,16,2,2023-09-25,16,3,39,106412,0.059208,60,65,2023,2023-09-25,2835,1890,10.71066,504,63.003883,100111,2023-11-24,2023-11-29
19,17,2,2023-09-25,8,2,26,56433,0.059208,60,65,2023,2023-09-25,1504,1002,5.68014,267,33.412585,53092,2023-11-24,2023-11-29
19,18,2,2023-09-25,1,10,131,310834,0.059208,60,65,2023,2023-09-25,8282,5521,31.286402,1472,184.037657,292430,2023-11-24,2023-11-29
20,1,2,2023-10-09,18,13,170,181326,0.059208,60,65,2023,2023-10-09,4831,3221,18.251072,859,107.359248,170590,2023-12-08,2023-12-13
20,2,2,2023-10-09,1,7,92,217584,0.059208,60,65,2023,2023-10-09,5797,3865,21.900481,1031,128.82636,204701,2023-12-08,2023-12-13
20,3,2,2023-10-09,27,4,52,36431,0.059208,60,65,2023,2023-10-09,971,647,3.666858,173,21.56975,34274,2023-12-08,2023-12-13
20,4,2,2023-10-09,2,9,118,279390,0.059208,60,65,2023,2023-10-09,7444,4963,28.121522,1323,165.42072,262848,2023-12-08,2023-12-13
20,5,2,2023-10-09,14,8,105,236772,0.059208,60,65,2023,2023-10-09,6308,4206,23.83189,1122,140.187586,222754,2023-12-08,2023-12-13
20,6,2,2023-10-09,3,6,78,173739,0.059208,60,65,2023,2023-10-09,4629,3086,17.487367,823,102.866866,163452,2023-12-08,2023-12-13
20,7,2,2023-10-09,15,9,118,129674,0.059208,60,65,2023,2023-10-09,3455,2303,13.052107,614,76.7771,121996,2023-12-08,2023-12-13
20,8,2,2023-10-09,23,9,118,196941,0.059208,60,65,2023,2023-10-09,5247,3498,19.822774,933,116.604554,185281,2023-12-08,2023-12-13
20,9,2,2023-10-09,21,12,157,117053,0.059208,60,65,2023,2023-10-09,3119,2079,11.781726,554,69.304271,110122,2023-12-08,2023-12-13
20,10,2,2023-10-09,10,2,26,46098,0.059208,60,65,2023,2023-10-09,1228,819,4.639944,218,27.293787,43369,2023-12-08,2023-12-13
20,11,2,2023-10-09,33,8,105,96384,0.059208,60,65,2023,2023-10-09,2568,1712,9.701335,457,57.066675,90677,2023-12-08,2023-12-13
20,12,2,2023-10-09,4,10,131,241360,0.059208,60,65,2023,2023-10-09,6431,4287,24.293602,1143,142.903543,227069,2023-12-08,2023-12-13
20,13,2,2023-10-09,42,11,144,484273,0.059208,60,65,2023,2023-10-09,12903,8602,48.74357,2294,286.72688,455600,2023-12-08,2023-12-13
20,14,2,2023-10-09,7,2,26,61460,0.059208,60,65,2023,2023-10-09,1638,1092,6.186144,291,36.389085,57821,2023-12-08,2023-12-13
20,15,2,2023-10-09,53,11,144,125120,0.059208,60,65,2023,2023-10-09,3334,2222,12.59375,593,74.080881,117712,2023-12-08,2023-12-13
20,16,2,2023-10-09,11,11,144,303926,0.059208,60,65,2023,2023-10-09,8098,5398,30.591148,1440,179.947931,285932,2023-12-08,2023-12-13
21,1,2,2023-10-10,11,5,65,138148,0.059208,60,65,2023,2023-10-10,3681,2454,13.905067,654,81.794514,129969,2023-12-09,2023-12-14
21,2,2,2023-10-10,1,10,131,310834,0.059208,60,65,2023,2023-10-10,8282,5521,31.286402,1472,184.037657,292430,2023-12-09,2023-12-14
21,3,2,2023-10-10,30,4,52,37764,0.059208,60,65,2023,2023-10-10,1006,671,3.801076,179,22.359273,35528,2023-12-09,2023-12-14
21,4,2,2023-10-10,33,7,92,84336,0.059208,60,65,2023,2023-10-10,2247,1498,8.488668,399,49.93334,79342,2023-12-09,2023-12-14
21,5,2,2023-10-10,48,11,144,378734,0.059208,60,65,2023,2023-10-10,10091,6727,38.120823,1794,224.240135,356310,2023-12-09,2023-12-14
21,6,2,2023-10-10,20,10,131,215690,0.059208,60,65,2023,2023-10-10,5747,3831,21.709891,1022,127.705238,202920,2023-12-09,2023-12-14
21,7,2,2023-10-10,8,2,26,56433,0.059208,60,65,2023,2023-10-10,1504,1002,5.68014,267,33.412585,53092,2023-12-09,2023-12-14
21,8,2,2023-10-10,5,13,170,465797,0.059208,60,65,2023,2023-10-10,12410,8274,46.883968,2206,275.788048,438218,2023-12-09,2023-12-14
21,9,2,2023-10-10,7,13,170,399490,0.059208,60,65,2023,2023-10-10,10644,7096,40.209938,1892,236.52905,375837,2023-12-09,2023-12-14
21,10,2,2023-10-10,34,12,157,448929,0.059208,60,65,2023,2023-10-10,11961,7974,45.1861,2126,265.800591,422349,2023-12-09,2023-12-14
21,11,2,2023-10-10,2,10,131,310434,0.059208,60,65,2023,2023-10-10,8271,5514,31.246136,1470,183.800801,292054,2023-12-09,2023-12-14
22,1,2,2023-10-28,25,10,131,319701,0.059208,60,65,2023,2023-10-28,8518,5679,32.178957,1514,189.287981,300773,2023-12-27,2024-01-01
22,2,2,2023-10-28,45,4,52,53126,0.059208,60,65,2023,2023-10-28,1415,944,5.347277,252,31.45457,49980,2023-12-27,2024-01-01
22,3,2,2023-10-28,22,9,118,278910,0.059208,60,65,2023,2023-10-28,7431,4954,28.073204,1321,165.136492,262397,2023-12-27,2024-01-01
22,4,2,2023-10-28,1,10,131,310834,0.059208,60,65,2023,2023-10-28,8282,5521,31.286402,1472,184.037657,292430,2023-12-27,2024-01-01
22,5,2,2023-10-28,24,10,131,95810,0.059208,60,65,2023,2023-10-28,2553,1702,9.643621,454,56.72718,90138,2023-12-27,2024-01-01
22,6,2,2023-10-28,6,4,52,93397,0.059208,60,65,2023,2023-10-28,2488,1659,9.400685,442,55.298145,87867,2023-12-27,2024-01-01
22,7,2,2023-10-28,36,7,92,69728,0.059208,60,65,2023,2023-10-28,1858,1239,7.018301,330,41.284123,65599,2023-12-27,2024-01-01
22,8,2,2023-10-28,49,13,170,118400,0.059208,60,65,2023,2023-10-28,3155,2103,11.917287,561,70.101688,111389,2023-12-27,2024-01-01
22,9,2,2023-10-28,15,8,105,115266,0.059208,60,65,2023,2023-10-28,3071,2047,11.601873,546,68.246311,108441,2023-12-27,2024-01-01
22,10,2,2023-10-28,76,3,39,99411,0.059208,60,65,2023,2023-10-28,2649,1766,10.006011,471,58.85889,93525,2023-12-27,2024-01-01
22,11,2,2023-10-28,42,3,39,132074,0.059208,60,65,2023,2023-10-28,3519,2346,13.293701,626,78.19824,124255,2023-12-27,2024-01-01
22,12,2,2023-10-28,12,7,92,182673,0.059208,60,65,2023,2023-10-28,4867,3245,18.386633,865,108.156665,171858,2023-12-27,2024-01-01
22,13,2,2023-10-28,2,5,65,155217,0.059208,60,65,2023,2023-10-28,4136,2757,15.623068,735,91.9004,146027,2023-12-27,2024-01-01
22,14,2,2023-10-28,4,13,170,313767,0.059208,60,65,2023,2023-10-28,8360,5573,31.581683,1486,185.774606,295190,2023-12-27,2024-01-01
22,15,2,2023-10-28,3,11,144,318521,0.059208,60,65,2023,2023-10-28,8487,5658,32.060173,1509,188.589253,299662,2023-12-27,2024-01-01
22,16,2,2023-10-28,9,8,105,258268,0.059208,60,65,2023,2023-10-28,6881,4587,25.995497,1223,152.914687,242977,2023-12-27,2024-01-01
22,17,2,2023-10-28,16,3,39,106412,0.059208,60,65,2023,2023-10-28,2835,1890,10.71066,504,63.003883,100111,2023-12-27,2024-01-01
22,18,2,2023-10-28,46,8,105,330809,0.059208,60,65,2023,2023-10-28,8814,5876,33.296999,1567,195.864702,311223,2023-12-27,2024-01-01
22,19,2,2023-10-28,48,9,118,309874,0.059208,60,65,2023,2023-10-28,8256,5504,31.189764,1468,183.469201,291527,2023-12-27,2024-01-01
23,1,2,2023-11-19,3,10,131,289565,0.059208,60,65,2023,2023-11-19,7715,5143,29.145612,1372,171.444776,272420,2024-01-18,2024-01-23
23,2,2,2023-11-19,31,6,78,173859,0.059208,60,65,2023,2023-11-19,4632,3088,17.499447,824,102.937923,163565,2024-01-18,2024-01-23
23,3,2,2023-11-19,21,11,144,107298,0.059208,60,65,2023,2023-11-19,2859,1906,10.799916,508,63.528915,100945,2024-01-18,2024-01-23
23,4,2,2023-11-19,29,2,26,44685,0.059208,60,65,2023,2023-11-19,1191,794,4.497672,212,26.456894,42039,2024-01-18,2024-01-23
23,5,2,2023-11-19,1,8,105,248667,0.059208,60,65,2023,2023-11-19,6625,4417,25.029121,1178,147.230126,233944,2024-01-18,2024-01-23
23,6,2,2023-11-19,17,10,131,295565,0.059208,60,65,2023,2023-11-19,7875,5250,29.749596,1400,174.997626,278066,2024-01-18,2024-01-23
23,7,2,2023-11-19,14,2,26,59193,0.059208,60,65,2023,2023-11-19,1577,1051,5.957972,280,35.046897,55688,2024-01-18,2024-01-23
23,8,2,2023-11-19,18,4,52,55793,0.059208,60,65,2023,2023-11-19,1487,991,5.615714,264,33.033615,52489,2024-01-18,2024-01-23
23,9,2,2023-11-19,24,12,157,114972,0.059208,60,65,2023,2023-11-19,3063,2042,11.572345,545,68.072616,108165,2024-01-18,2024-01-23
23,10,2,2023-11-19,10,12,157,276590,0.059208,60,65,2023,2023-11-19,7369,4913,27.839663,1310,163.762724,260214,2024-01-18,2024-01-23
23,11,2,2023-11-19,27,4,52,36431,0.059208,60,65,2023,2023-11-19,971,647,3.666858,173,21.56975,34274,2024-01-18,2024-01-23
23,12,2,2023-11-19,20,9,118,194121,0.059208,60,65,2023,2023-11-19,5172,3448,19.538901,919,114.934714,182628,2024-01-18,2024-01-23
23,13,2,2023-11-19,2,10,131,310434,0.059208,60,65,2023,2023-11-19,8271,5514,31.246136,1470,183.800801,292054,2024-01-18,2024-01-23
23,14,2,2023-11-19,22,12,157,371880,0.059208,60,65,2023,2023-11-19,9908,6605,37.430938,1761,220.18199,349862,2024-01-18,2024-01-23
23,15,2,2023-11-19,33,10,131,120480,0.059208,60,65,2023,2023-11-19,3210,2140,12.126668,571,71.333343,113346,2024-01-18,2024-01-23
23,16,2,2023-11-19,4,12,157,289631,0.059208,60,65,2023,2023-11-19,7717,5145,29.152323,1372,171.484252,272483,2024-01-18,2024-01-23
24,1,2,2023-12-01,19,9,118,243927,0.059208,60,65,2023,2023-12-01,6499,4333,24.551974,1155,144.423374,229484,2024-01-30,2024-02-04
24,2,2,2023-12-01,18,7,92,97637,0.059208,60,65,2023,2023-12-01,2601,1734,9.8275,462,57.808826,91856,2024-01-30,2024-02-04
24,3,2,2023-12-01,11,6,78,165778,0.059208,60,65,2023,2023-12-01,4417,2945,16.686081,785,98.153417,155963,2024-01-30,2024-02-04
24,4,2,2023-12-01,77,6,78,163618,0.059208,60,65,2023,2023-12-01,4359,2906,16.468646,775,96.874391,153930,2024-01-30,2024-02-04
24,5,2,2023-12-01,3,13,170,376434,0.059208,60,65,2023,2023-12-01,10030,6686,37.889295,1783,222.878209,354146,2024-01-30,2024-02-04
24,6,2,2023-12-01,30,11,144,103851,0.059208,60,65,2023,2023-12-01,2767,1845,10.45296,492,61.488,97702,2024-01-30,2024-02-04
24,7,2,2023-12-01,2,4,52,124173,0.059208,60,65,2023,2023-12-01,3308,2206,12.498454,588,73.52032,116821,2024-01-30,2024-02-04
24,8,2,2023-12-01,23,12,157,262589,0.059208,60,65,2023,2023-12-01,6996,4664,26.430366,1244,155.472739,247041,2024-01-30,2024-02-04
24,9,2,2023-12-01,4,13,170,313767,0.059208,60,65,2023,2023-12-01,8360,5573,31.581683,1486,185.774606,295190,2024-01-30,2024-02-04
25,1,3,2023-01-17,9,10,104,257167,0.052388,60,65,2023,2023-01-17,6063,4042,22.903304,1078,134.725319,243694,2023-03-18,2023-03-23
25,2,3,2023-01-17,11,9,94,198085,0.052388,60,65,2023,2023-01-17,4670,3113,17.641504,830,103.773554,187708,2023-03-18,2023-03-23
25,3,3,2023-01-17,4,13,135,249944,0.052388,60,65,2023,2023-01-17,5892,3928,22.260006,1048,130.941212,236850,2023-03-18,2023-03-23
25,4,3,2023-01-17,42,3,31,105209,0.052388,60,65,2023,2023-01-17,2480,1654,9.369921,441,55.11718,99697,2023-03-18,2023-03-23
25,5,3,2023-01-17,26,3,31,50366,0.052388,60,65,2023,2023-01-17,1187,792,4.485585,211,26.385795,47727,2023-03-18,2023-03-23
25,6,3,2023-01-17,22,5,52,123432,0.052388,60,65,2023,2023-01-17,2910,1940,10.992829,517,64.663701,116965,2023-03-18,2023-03-23
25,7,3,2023-01-17,1,11,115,272367,0.052388,60,65,2023,2023-01-17,6421,4281,24.257068,1142,142.688637,258099,2023-03-18,2023-03-23
25,8,3,2023-01-17,36,2,21,15870,0.052388,60,65,2023,2023-01-17,374,249,1.413364,67,8.313904,15038,2023-03-18,2023-03-23
25,9,3,2023-01-17,27,4,42,29020,0.052388,60,65,2023,2023-01-17,684,456,2.584545,122,15.203204,27500,2023-03-18,2023-03-23
25,10,3,2023-01-17,6,5,52,92999,0.052388,60,65,2023,2023-01-17,2192,1462,8.282463,390,48.72037,88127,2023-03-18,2023-03-23
25,11,3,2023-01-17,12,6,62,124728,0.052388,60,65,2023,2023-01-17,2940,1960,11.108244,523,65.342614,118193,2023-03-18,2023-03-23
25,12,3,2023-01-17,13,9,94,193066,0.052388,60,65,2023,2023-01-17,4551,3034,17.194507,809,101.144157,182952,2023-03-18,2023-03-23
26,1,3,2023-02-04,2,2,21,49458,0.052388,60,65,2023,2023-02-04,1166,777,4.4047,207,25.909999,46867,2023-04-05,2023-04-10
26,2,3,2023-02-04,6,11,115,204597,0.052388,60,65,2023,2023-02-04,4823,3216,18.221419,857,107.184815,193878,2023-04-05,2023-04-10
26,3,3,2023-02-04,4,8,83,153811,0.052388,60,65,2023,2023-02-04,3626,2417,13.698465,645,80.579208,145754,2023-04-05,2023-04-10
26,4,3,2023-02-04,7,8,83,195833,0.052388,60,65,2023,2023-02-04,4617,3078,17.440947,821,102.593803,185574,2023-04-05,2023-04-10
26,5,3,2023-02-04,41,5,52,57706,0.052388,60,65,2023,2023-02-04,1360,907,5.13929,242,30.231115,54683,2023-04-05,2023-04-10
26,6,3,2023-02-04,15,12,125,137729,0.052388,60,65,2023,2023-02-04,3247,2165,12.266181,577,72.154006,130514,2023-04-05,2023-04-10
26,7,3,2023-02-04,12,12,125,249455,0.052388,60,65,2023,2023-02-04,5881,3921,22.216489,1045,130.685229,236387,2023-04-05,2023-04-10
26,8,3,2023-02-04,21,5,52,38851,0.052388,60,65,2023,2023-02-04,916,611,3.460092,163,20.353484,36816,2023-04-05,2023-04-10
26,9,3,2023-02-04,1,4,42,99043,0.052388,60,65,2023,2023-02-04,2335,1557,8.820752,415,51.886777,93854,2023-04-05,2023-04-10
26,10,3,2023-02-04,32,7,73,116479,0.052388,60,65,2023,2023-02-04,2746,1831,10.373655,488,61.021499,110377,2023-04-05,2023-04-10
27,1,3,2023-03-29,1,4,42,99043,0.052388,60,65,2023,2023-03-29,2335,1557,8.820752,415,51.886777,93854,2023-05-28,2023-06-02
27,2,3,2023-03-29,4,9,94,173038,0.052388,60,65,2023,2023-03-29,4079,2720,15.410773,725,90.651609,163973,2023-05-28,2023-06-02
27,3,3,2023-03-29,30,4,42,30082,0.052388,60,65,2023,2023-03-29,709,473,2.679147,126,15.75969,28506,2023-05-28,2023-06-02
27,4,3,2023-03-29,5,10,104,285422,0.052388,60,65,2023,2023-03-29,6729,4486,25.419735,1196,149.527853,270469,2023-05-28,2023-06-02
27,5,3,2023-03-29,7,12,125,293750,0.052388,60,65,2023,2023-03-29,6925,4617,26.16142,1231,153.890705,278361,2023-05-28,2023-06-02
27,6,3,2023-03-29,12,6,62,124728,0.052388,60,65,2023,2023-03-29,2940,1960,11.108244,523,65.342614,118193,2023-05-28,2023-06-02
27,7,3,2023-03-29,69,12,125,262393,0.052388,60,65,2023,2023-03-29,6186,4124,23.368749,1100,137.463231,248647,2023-05-28,2023-06-02
27,8,3,2023-03-29,6,2,21,37199,0.052388,60,65,2023,2023-03-29,877,585,3.312985,156,19.488148,35251,2023-05-28,2023-06-02
27,9,3,2023-03-29,13,12,125,257422,0.052388,60,65,2023,2023-03-29,6069,4046,22.926009,1079,134.858875,243936,2023-05-28,2023-06-02
27,10,3,2023-03-29,39,7,73,79190,0.052388,60,65,2023,2023-03-29,1867,1245,7.052628,332,41.486049,75041,2023-05-28,2023-06-02
28,1,3,2023-04-18,6,8,83,148798,0.052388,60,65,2023,2023-04-18,3508,2339,13.251941,624,77.952593,141002,2023-06-17,2023-06-22
28,2,3,2023-04-18,15,2,21,22955,0.052388,60,65,2023,2023-04-18,541,361,2.044364,96,12.025668,21752,2023-06-17,2023-06-22
28,3,3,2023-04-18,5,5,52,142711,0.052388,60,65,2023,2023-04-18,3364,2243,12.709867,598,74.763926,135235,2023-06-17,2023-06-22
28,4,3,2023-04-18,24,6,62,45793,0.052388,60,65,2023,2023-04-18,1080,720,4.078321,192,23.990122,43394,2023-06-17,2023-06-22
28,5,3,2023-04-18,16,5,52,141277,0.052388,60,65,2023,2023-04-18,3331,2220,12.582154,592,74.01267,133876,2023-06-17,2023-06-22
28,6,3,2023-04-18,19,7,73,151129,0.052388,60,65,2023,2023-04-18,3563,2375,13.459594,633,79.17408,143212,2023-06-17,2023-06-22
28,7,3,2023-04-18,12,10,104,207879,0.052388,60,65,2023,2023-04-18,4901,3267,18.513741,871,108.904357,196989,2023-06-17,2023-06-22
28,8,3,2023-04-18,8,7,73,157338,0.052388,60,65,2023,2023-04-18,3709,2473,14.012546,659,82.426742,149095,2023-06-17,2023-06-22
28,9,3,2023-04-18,43,3,31,62412,0.052388,60,65,2023,2023-04-18,1471,981,5.558379,262,32.696349,59142,2023-06-17,2023-06-22
28,10,3,2023-04-18,17,6,62,141266,0.052388,60,65,2023,2023-04-18,3330,2220,12.581208,592,74.007105,133866,2023-06-17,2023-06-22
28,11,3,2023-04-18,2,7,73,173102,0.052388,60,65,2023,2023-04-18,4081,2721,15.41645,725,90.684998,164033,2023-06-17,2023-06-22
28,12,3,2023-04-18,4,2,21,38453,0.052388,60,65,2023,2023-04-18,907,604,3.424616,161,20.144802,36438,2023-06-17,2023-06-22
28,13,3,2023-04-18,78,2,21,53314,0.052388,60,65,2023,2023-04-18,1257,838,4.748108,223,27.930044,50521,2023-06-17,2023-06-22
28,14,3,2023-04-18,70,13,135,420762,0.052388,60,65,2023,2023-04-18,9919,6613,37.47306,1763,220.429765,398719,2023-06-17,2023-06-22
28,15,3,2023-04-18,7,2,21,48958,0.052388,60,65,2023,2023-04-18,1154,769,4.360237,205,25.648451,46394,2023-06-17,2023-06-22
28,16,3,2023-04-18,41,10,104,115412,0.052388,60,65,2023,2023-04-18,2721,1814,10.278579,484,60.46223,109365,2023-06-17,2023-06-22
28,17,3,2023-04-18,35,4,42,86827,0.052388,60,65,2023,2023-04-18,2047,1365,7.732821,364,45.487185,82278,2023-06-17,2023-06-22
28,18,3,2023-04-18,82,4,42,84660,0.052388,60,65,2023,2023-04-18,1996,1331,7.539832,355,44.351953,80225,2023-06-17,2023-06-22
28,19,3,2023-04-18,31,3,31,69247,0.052388,60,65,2023,2023-04-18,1632,1088,6.167147,290,36.277338,65619,2023-06-17,2023-06-22
28,20,3,2023-04-18,1,9,94,222846,0.052388,60,65,2023,2023-04-18,5254,3502,19.846692,934,116.745248,211172,2023-06-17,2023-06-22
28,21,3,2023-04-18,25,12,125,305605,0.052388,60,65,2023,2023-04-18,7205,4803,27.217186,1281,160.101091,289595,2023-06-17,2023-06-22
28,22,3,2023-04-18,20,8,83,137453,0.052388,60,65,2023,2023-04-18,3240,2160,12.241584,576,72.009319,130252,2023-06-17,2023-06-22
28,23,3,2023-04-18,9,3,31,77150,0.052388,60,65,2023,2023-04-18,1819,1213,6.870991,323,40.417596,73108,2023-06-17,2023-06-22
29,1,3,2023-04-22,6,6,62,111598,0.052388,60,65,2023,2023-04-22,2631,1754,9.938956,468,58.464444,105752,2023-06-21,2023-06-26
29,2,3,2023-04-22,2,12,125,296746,0.052388,60,65,2023,2023-04-22,6996,4664,26.428199,1244,155.459996,281200,2023-06-21,2023-06-26
29,3,3,2023-04-22,27,8,83,58040,0.052388,60,65,2023,2023-04-22,1368,912,5.169089,243,30.406408,55000,2023-06-21,2023-06-26
29,4,3,2023-04-22,17,4,42,94178,0.052388,60,65,2023,2023-04-22,2220,1480,8.387472,395,49.33807,89244,2023-06-21,2023-06-26
29,5,3,2023-04-22,36,3,31,23805,0.052388,60,65,2023,2023-04-22,561,374,2.120046,100,12.470857,22558,2023-06-21,2023-06-26
29,6,3,2023-04-22,1,6,62,148564,0.052388,60,65,2023,2023-04-22,3502,2335,13.231128,623,77.830166,140781,2023-06-21,2023-06-26
29,7,3,2023-04-22,8,7,73,157338,0.052388,60,65,2023,2023-04-22,3709,2473,14.012546,659,82.426742,149095,2023-06-21,2023-06-26
29,8,3,2023-04-22,34,10,104,298010,0.052388,60,65,2023,2023-04-22,7025,4684,26.540776,1249,156.122215,282398,2023-06-21,2023-06-26
29,9,3,2023-04-22,40,9,94,261134,0.052388,60,65,2023,2023-04-22,6156,4104,23.256645,1094,136.803795,247454,2023-06-21,2023-06-26
29,10,3,2023-04-22,30,10,104,75206,0.052388,60,65,2023,2023-04-22,1773,1182,6.697868,315,39.399226,71266,2023-06-21,2023-06-26
29,11,3,2023-04-22,3,12,125,276797,0.052388,60,65,2023,2023-04-22,6525,4350,24.651561,1160,145.009184,262296,2023-06-21,2023-06-26
29,12,3,2023-04-22,12,8,83,166303,0.052388,60,65,2023,2023-04-22,3921,2614,14.810993,697,87.123486,157591,2023-06-21,2023-06-26
29,13,3,2023-04-22,18,5,52,55555,0.052388,60,65,2023,2023-04-22,1310,873,4.947719,233,29.10423,52644,2023-06-21,2023-06-26
29,14,3,2023-04-22,16,4,42,113022,0.052388,60,65,2023,2023-04-22,2664,1776,10.065723,474,59.210136,107101,2023-06-21,2023-06-26
30,1,3,2023-07-19,1,3,31,74282,0.052388,60,65,2023,2023-07-19,1751,1167,6.615564,311,38.915083,70391,2023-09-17,2023-09-22
30,2,3,2023-07-19,15,13,135,149207,0.052388,60,65,2023,2023-07-19,3518,2345,13.288363,625,78.16684,141390,2023-09-17,2023-09-22
30,3,3,2023-07-19,30,3,31,22562,0.052388,60,65,2023,2023-07-19,532,355,2.009361,95,11.819768,21380,2023-09-17,2023-09-22
30,4,3,2023-07-19,3,12,125,276797,0.052388,60,65,2023,2023-07-19,6525,4350,24.651561,1160,145.009184,262296,2023-09-17,2023-09-22
30,5,3,2023-07-19,44,5,52,139259,0.052388,60,65,2023,2023-07-19,3283,2189,12.402409,584,72.955346,131963,2023-09-17,2023-09-22
30,6,3,2023-07-19,4,7,73,134585,0.052388,60,65,2023,2023-07-19,3173,2115,11.986157,564,70.506807,127534,2023-09-17,2023-09-22
30,7,3,2023-07-19,21,4,42,31081,0.052388,60,65,2023,2023-07-19,733,488,2.768074,130,16.282787,29453,2023-09-17,2023-09-22
30,8,3,2023-07-19,24,5,52,38161,0.052388,60,65,2023,2023-07-19,900,600,3.398601,160,19.991768,36162,2023-09-17,2023-09-22
30,9,3,2023-07-19,8,7,73,157338,0.052388,60,65,2023,2023-07-19,3709,2473,14.012546,659,82.426742,149095,2023-09-17,2023-09-22
30,10,3,2023-07-19,13,13,135,278874,0.052388,60,65,2023,2023-07-19,6574,4383,24.83651,1169,146.097115,264264,2023-09-17,2023-09-22
30,11,3,2023-07-19,6,3,31,55799,0.052388,60,65,2023,2023-07-19,1315,877,4.969478,234,29.232222,52876,2023-09-17,2023-09-22
31,1,3,2023-08-14,65,4,42,96323,0.052388,60,65,2023,2023-08-14,2271,1514,8.578569,404,50.462172,91277,2023-10-13,2023-10-18
31,2,3,2023-08-14,8,2,21,44954,0.052388,60,65,2023,2023-08-14,1060,707,4.003585,188,23.550498,42599,2023-10-13,2023-10-18
31,3,3,2023-08-14,39,9,94,101815,0.052388,60,65,2023,2023-08-14,2400,1600,9.067665,427,53.339206,96481,2023-10-13,2023-10-18
31,4,3,2023-08-14,9,8,83,205733,0.052388,60,65,2023,2023-08-14,4850,3233,18.322643,862,107.780255,194955,2023-10-13,2023-10-18
31,5,3,2023-08-14,6,11,115,204597,0.052388,60,65,2023,2023-08-14,4823,3216,18.221419,857,107.184815,193878,2023-10-13,2023-10-18
31,6,3,2023-08-14,2,3,31,74186,0.052388,60,65,2023,2023-08-14,1749,1166,6.60705,311,38.864999,70300,2023-10-13,2023-10-18
31,7,3,2023-08-14,22,11,115,271549,0.052388,60,65,2023,2023-08-14,6402,4268,24.184224,1138,142.260142,257323,2023-10-13,2023-10-18
31,8,3,2023-08-14,21,4,42,31081,0.052388,60,65,2023,2023-08-14,733,488,2.768074,130,16.282787,29453,2023-10-13,2023-10-18
32,1,3,2023-11-07,29,5,52,88989,0.052388,60,65,2023,2023-11-07,2098,1399,7.925338,373,46.619635,84327,2024-01-06,2024-01-11
32,2,3,2023-11-07,2,9,94,222559,0.052388,60,65,2023,2023-11-07,5247,3498,19.821149,933,116.594997,210900,2024-01-06,2024-01-11
32,3,3,2023-11-07,1,9,94,222846,0.052388,60,65,2023,2023-11-07,5254,3502,19.846692,934,116.745248,211172,2024-01-06,2024-01-11
32,4,3,2023-11-07,24,2,21,15264,0.052388,60,65,2023,2023-11-07,360,240,1.35944,64,7.996707,14465,2024-01-06,2024-01-11
32,5,3,2023-11-07,16,3,31,84766,0.052388,60,65,2023,2023-11-07,1998,1332,7.549292,355,44.407602,80326,2024-01-06,2024-01-11
32,6,3,2023-11-07,12,9,94,187091,0.052388,60,65,2023,2023-11-07,4411,2940,16.662367,784,98.013921,177290,2024-01-06,2024-01-11
32,7,3,2023-11-07,39,6,62,67877,0.052388,60,65,2023,2023-11-07,1600,1067,6.04511,284,35.559471,64321,2024-01-06,2024-01-11
32,8,3,2023-11-07,57,6,62,50509,0.052388,60,65,2023,2023-11-07,1191,794,4.498357,212,26.460921,47863,2024-01-06,2024-01-11
32,9,3,2023-11-07,22,9,94,222177,0.052388,60,65,2023,2023-11-07,5238,3492,19.787093,931,116.394662,210537,2024-01-06,2024-01-11
32,10,3,2023-11-07,27,6,62,43530,0.052388,60,65,2023,2023-11-07,1026,684,3.876817,182,22.804806,41250,2024-01-06,2024-01-11
32,11,3,2023-11-07,67,3,31,97290,0.052388,60,65,2023,2023-11-07,2294,1529,8.664658,408,50.968575,92193,2024-01-06,2024-01-11
32,12,3,2023-11-07,6,10,104,185997,0.052388,60,65,2023,2023-11-07,4385,2923,16.564926,780,97.440741,176253,2024-01-06,2024-01-11
32,13,3,2023-11-07,84,12,125,368319,0.052388,60,65,2023,2023-11-07,8683,5789,32.802527,1544,192.956039,349023,2024-01-06,2024-01-11
32,14,3,2023-11-07,30,3,31,22562,0.052388,60,65,2023,2023-11-07,532,355,2.009361,95,11.819768,21380,2024-01-06,2024-01-11
32,15,3,2023-11-07,7,10,104,244792,0.052388,60,65,2023,2023-11-07,5771,3847,21.801183,1026,128.242254,231968,2024-01-06,2024-01-11
32,16,3,2023-11-07,5,3,31,85627,0.052388,60,65,2023,2023-11-07,2019,1346,7.62592,359,44.858356,81141,2024-01-06,2024-01-11
32,17,3,2023-11-07,4,3,31,57679,0.052388,60,65,2023,2023-11-07,1360,907,5.136924,242,30.217203,54658,2024-01-06,2024-01-11
32,18,3,2023-11-07,15,10,104,114774,0.052388,60,65,2023,2023-11-07,2706,1804,10.221818,481,60.128338,108762,2024-01-06,2024-01-11
32,19,3,2023-11-07,3,4,42,92266,0.052388,60,65,2023,2023-11-07,2175,1450,8.217187,387,48.336395,87432,2024-01-06,2024-01-11
32,20,3,2023-11-07,51,10,104,180474,0.052388,60,65,2023,2023-11-07,4255,2836,16.072992,756,94.547012,171019,2024-01-06,2024-01-11
32,21,3,2023-11-07,11,7,73,154066,0.052388,60,65,2023,2023-11-07,3632,2421,13.72117,646,80.712764,145995,2024-01-06,2024-01-11
32,22,3,2023-11-07,41,5,52,57706,0.052388,60,65,2023,2023-11-07,1360,907,5.13929,242,30.231115,54683,2024-01-06,2024-01-11
32,23,3,2023-11-07,68,13,135,242211,0.052388,60,65,2023,2023-11-07,5710,3807,21.571299,1015,126.889992,229522,2024-01-06,2024-01-11
33,1,3,2023-11-11,4,8,83,153811,0.052388,60,65,2023,2023-11-11,3626,2417,13.698465,645,80.579208,145754,2024-01-10,2024-01-15
33,2,3,2023-11-11,47,9,94,183745,0.052388,60,65,2023,2023-11-11,4332,2888,16.364368,770,96.26099,174119,2024-01-10,2024-01-15
33,3,3,2023-11-11,2,4,42,98915,0.052388,60,65,2023,2023-11-11,2332,1555,8.8094,415,51.819999,93733,2024-01-10,2024-01-15
33,4,3,2023-11-11,36,4,42,31740,0.052388,60,65,2023,2023-11-11,748,499,2.826728,133,16.627809,30077,2024-01-10,2024-01-15
33,5,3,2023-11-11,11,8,83,176076,0.052388,60,65,2023,2023-11-11,4151,2767,15.681337,738,92.243159,166852,2024-01-10,2024-01-15
33,6,3,2023-11-11,23,9,94,156881,0.052388,60,65,2023,2023-11-11,3698,2466,13.971867,657,82.187453,148663,2024-01-10,2024-01-15
33,7,3,2023-11-11,6,5,52,92999,0.052388,60,65,2023,2023-11-11,2192,1462,8.282463,390,48.72037,88127,2024-01-10,2024-01-15
33,8,3,2023-11-11,1,13,135,321889,0.052388,60,65,2023,2023-11-11,7588,5059,28.667444,1349,168.632025,305026,2024-01-10,2024-01-15
33,9,3,2023-11-11,19,2,21,43180,0.052388,60,65,2023,2023-11-11,1018,679,3.845598,181,22.621166,40918,2024-01-10,2024-01-15
33,10,3,2023-11-11,26,5,52,83943,0.052388,60,65,2023,2023-11-11,1979,1319,7.475975,352,43.976325,79545,2024-01-10,2024-01-15
33,11,3,2023-11-11,3,13,135,299863,0.052388,60,65,2023,2023-11-11,7069,4713,26.705858,1257,157.093283,284154,2024-01-10,2024-01-15
33,12,3,2023-11-11,10,13,135,238689,0.052388,60,65,2023,2023-11-11,5627,3751,21.257691,1000,125.045241,226185,2024-01-10,2024-01-15
33,13,3,2023-11-11,30,13,135,97768,0.052388,60,65,2023,2023-11-11,2305,1537,8.707229,410,51.218994,92646,2024-01-10,2024-01-15
33,14,3,2023-11-11,15,7,73,80342,0.052388,60,65,2023,2023-11-11,1894,1263,7.155272,337,42.089837,76133,2024-01-10,2024-01-15
33,15,3,2023-11-11,57,3,31,25255,0.052388,60,65,2023,2023-11-11,595,397,2.249178,106,13.23046,23932,2024-01-10,2024-01-15
33,16,3,2023-11-11,7,12,125,293750,0.052388,60,65,2023,2023-11-11,6925,4617,26.16142,1231,153.890705,278361,2024-01-10,2024-01-15
34,1,3,2023-11-13,4,3,31,57679,0.052388,60,65,2023,2023-11-13,1360,907,5.136924,242,30.217203,54658,2024-01-12,2024-01-17
34,2,3,2023-11-13,6,5,52,92999,0.052388,60,65,2023,2023-11-13,2192,1462,8.282463,390,48.72037,88127,2024-01-12,2024-01-17
34,3,3,2023-11-13,29,12,125,213573,0.052388,60,65,2023,2023-11-13,5035,3357,19.020811,895,111.887123,202384,2024-01-12,2024-01-17
34,4,3,2023-11-13,47,10,104,204161,0.052388,60,65,2023,2023-11-13,4813,3209,18.182631,856,106.956655,193466,2024-01-12,2024-01-17
34,5,3,2023-11-13,3,7,73,161465,0.052388,60,65,2023,2023-11-13,3806,2538,14.380077,677,84.588691,153006,2024-01-12,2024-01-17
34,6,3,2023-11-13,15,10,104,114774,0.052388,60,65,2023,2023-11-13,2706,1804,10.221818,481,60.128338,108762,2024-01-12,2024-01-17
34,7,3,2023-11-13,22,9,94,222177,0.052388,60,65,2023,2023-11-13,5238,3492,19.787093,931,116.394662,210537,2024-01-12,2024-01-17
34,8,3,2023-11-13,42,8,83,280557,0.052388,60,65,2023,2023-11-13,6614,4409,24.986455,1176,146.979146,265859,2024-01-12,2024-01-17
34,9,3,2023-11-13,14,6,62,141458,0.052388,60,65,2023,2023-11-13,3335,2223,12.598236,593,74.107273,134047,2024-01-12,2024-01-17
34,10,3,2023-11-13,27,11,115,79806,0.052388,60,65,2023,2023-11-13,1881,1254,7.107498,334,41.808811,75625,2024-01-12,2024-01-17
34,11,3,2023-11-13,16,3,31,84766,0.052388,60,65,2023,2023-11-13,1998,1332,7.549292,355,44.407602,80326,2024-01-12,2024-01-17
34,12,3,2023-11-13,2,13,135,321474,0.052388,60,65,2023,2023-11-13,7579,5052,28.630549,1347,168.414996,304633,2024-01-12,2024-01-17
34,13,3,2023-11-13,24,4,42,30529,0.052388,60,65,2023,2023-11-13,720,480,2.71888,128,15.993415,28929,2024-01-12,2024-01-17
34,14,3,2023-11-13,8,6,62,134861,0.052388,60,65,2023,2023-11-13,3179,2120,12.010754,565,70.651493,127796,2024-01-12,2024-01-17
34,15,3,2023-11-13,76,10,104,263965,0.052388,60,65,2023,2023-11-13,6223,4149,23.508761,1106,138.286831,250136,2024-01-12,2024-01-17
35,1,3,2023-11-16,10,2,21,36721,0.052388,60,65,2023,2023-11-16,866,577,3.270414,154,19.237729,34798,2024-01-15,2024-01-20
35,2,3,2023-11-16,4,8,83,153811,0.052388,60,65,2023,2023-11-16,3626,2417,13.698465,645,80.579208,145754,2024-01-15,2024-01-20
35,3,3,2023-11-16,15,6,62,68865,0.052388,60,65,2023,2023-11-16,1623,1082,6.133091,289,36.077003,65257,2024-01-15,2024-01-20
35,4,3,2023-11-16,21,8,83,62162,0.052388,60,65,2023,2023-11-16,1465,977,5.536148,261,32.565575,58905,2024-01-15,2024-01-20
35,5,3,2023-11-16,3,7,73,161465,0.052388,60,65,2023,2023-11-16,3806,2538,14.380077,677,84.588691,153006,2024-01-15,2024-01-20
35,6,3,2023-11-16,19,2,21,43180,0.052388,60,65,2023,2023-11-16,1018,679,3.845598,181,22.621166,40918,2024-01-15,2024-01-20
35,7,3,2023-11-16,14,13,135,306492,0.052388,60,65,2023,2023-11-16,7225,4817,27.296179,1285,160.565757,290435,2024-01-15,2024-01-20
35,8,3,2023-11-16,18,5,52,55555,0.052388,60,65,2023,2023-11-16,1310,873,4.947719,233,29.10423,52644,2024-01-15,2024-01-20
35,9,3,2023-11-16,6,6,62,111598,0.052388,60,65,2023,2023-11-16,2631,1754,9.938956,468,58.464444,105752,2024-01-15,2024-01-20
35,10,3,2023-11-16,1,3,31,74282,0.052388,60,65,2023,2023-11-16,1751,1167,6.615564,311,38.915083,70391,2024-01-15,2024-01-20
35,11,3,2023-11-16,36,13,135,103154,0.052388,60,65,2023,2023-11-16,2432,1621,9.186864,432,54.040379,97750,2024-01-15,2024-01-20
35,12,3,2023-11-16,32,4,42,66560,0.052388,60,65,2023,2023-11-16,1569,1046,5.927803,279,34.869428,63073,2024-01-15,2024-01-20
35,13,3,2023-11-16,9,3,31,77150,0.052388,60,65,2023,2023-11-16,1819,1213,6.870991,323,40.417596,73108,2024-01-15,2024-01-20
35,14,3,2023-11-16,24,7,73,53425,0.052388,60,65,2023,2023-11-16,1259,840,4.758041,224,27.988475,50626,2024-01-15,2024-01-20
35,15,3,2023-11-16,16,4,42,113022,0.052388,60,65,2023,2023-11-16,2664,1776,10.065723,474,59.210136,107101,2024-01-15,2024-01-20
35,16,3,2023-11-16,39,6,62,67877,0.052388,60,65,2023,2023-11-16,1600,1067,6.04511,284,35.559471,64321,2024-01-15,2024-01-20
35,17,3,2023-11-16,2,10,104,247288,0.052388,60,65,2023,2023-11-16,5830,3886,22.023499,1036,129.549997,234333,2024-01-15,2024-01-20
35,18,3,2023-11-16,72,5,52,132567,0.052388,60,65,2023,2023-11-16,3125,2083,11.806412,556,69.449483,125622,2024-01-15,2024-01-20
35,19,3,2023-11-16,25,13,135,331072,0.052388,60,65,2023,2023-11-16,7805,5203,29.485284,1388,173.442849,313727,2024-01-15,2024-01-20
35,20,3,2023-11-16,33,8,83,76778,0.052388,60,65,2023,2023-11-16,1810,1207,6.83788,322,40.222825,72756,2024-01-15,2024-01-20
35,21,3,2023-11-16,23,11,115,191744,0.052388,60,65,2023,2023-11-16,4520,3014,17.076726,804,100.451331,181699,2024-01-15,2024-01-20
35,22,3,2023-11-16,53,13,135,117791,0.052388,60,65,2023,2023-11-16,2777,1851,10.490489,494,61.708759,111620,2024-01-15,2024-01-20
35,23,3,2023-11-16,8,4,42,89907,0.052388,60,65,2023,2023-11-16,2120,1413,8.007169,377,47.100995,85197,2024-01-15,2024-01-20
35,24,3,2023-11-16,47,2,21,40832,0.052388,60,65,2023,2023-11-16,963,642,3.636526,171,21.391331,38693,2024-01-15,2024-01-20
36,1,3,2023-12-02,7,3,31,73438,0.052388,60,65,2023,2023-12-02,1731,1154,6.540355,308,38.472676,69590,2024-01-31,2024-02-05
36,2,3,2023-12-02,13,11,115,235970,0.052388,60,65,2023,2023-12-02,5563,3709,21.015508,989,123.620636,223608,2024-01-31,2024-02-05
36,3,3,2023-12-02,2,8,83,197830,0.052388,60,65,2023,2023-12-02,4664,3109,17.6188,829,103.639997,187466,2024-01-31,2024-02-05
36,4,3,2023-12-02,1,8,83,198085,0.052388,60,65,2023,2023-12-02,4670,3113,17.641504,830,103.773554,187708,2024-01-31,2024-02-05
36,5,3,2023-12-02,21,9,94,69932,0.052388,60,65,2023,2023-12-02,1649,1099,6.228166,293,36.636272,66269,2024-01-31,2024-02-05
36,6,3,2023-12-02,43,13,135,270450,0.052388,60,65,2023,2023-12-02,6376,4251,24.08631,1133,141.684179,256282,2024-01-31,2024-02-05
36,7,3,2023-12-02,24,2,21,15264,0.052388,60,65,2023,2023-12-02,360,240,1.35944,64,7.996707,14465,2024-01-31,2024-02-05
36,8,3,2023-12-02,15,9,94,103297,0.052388,60,65,2023,2023-12-02,2435,1623,9.199636,433,54.115504,97885,2024-01-31,2024-02-05
36,9,3,2023-12-02,3,3,31,69199,0.052388,60,65,2023,2023-12-02,1631,1088,6.16289,290,36.252296,65574,2024-01-31,2024-02-05
36,10,3,2023-12-02,9,2,21,51433,0.052388,60,65,2023,2023-12-02,1213,808,4.580661,216,26.945064,48739,2024-01-31,2024-02-05
36,11,3,2023-12-02,26,9,94,151097,0.052388,60,65,2023,2023-12-02,3562,2375,13.456755,633,79.157385,143182,2024-01-31,2024-02-05
36,12,3,2023-12-02,8,3,31,67431,0.052388,60,65,2023,2023-12-02,1590,1060,6.005377,283,35.325747,63898,2024-01-31,2024-02-05
36,13,3,2023-12-02,49,9,94,65296,0.052388,60,65,2023,2023-12-02,1539,1026,5.815226,274,34.207209,61875,2024-01-31,2024-02-05
36,14,3,2023-12-02,85,6,62,147034,0.052388,60,65,2023,2023-12-02,3466,2311,13.0949,616,77.028825,139332,2024-01-31,2024-02-05
36,15,3,2023-12-02,14,10,104,235763,0.052388,60,65,2023,2023-12-02,5558,3705,20.997061,988,123.512121,223412,2024-01-31,2024-02-05
36,16,3,2023-12-02,17,6,62,141266,0.052388,60,65,2023,2023-12-02,3330,2220,12.581208,592,74.007105,133866,2024-01-31,2024-02-05
36,17,3,2023-12-02,4,10,104,192264,0.052388,60,65,2023,2023-12-02,4533,3022,17.123082,806,100.724009,182192,2024-01-31,2024-02-05
36,18,3,2023-12-02,25,12,125,305605,0.052388,60,65,2023,2023-12-02,7205,4803,27.217186,1281,160.101091,289595,2024-01-31,2024-02-05
36,19,3,2023-12-02,57,10,104,84182,0.052388,60,65,2023,2023-12-02,1985,1323,7.497261,353,44.101535,79772,2024-01-31,2024-02-05
36,20,3,2023-12-02,6,5,52,92999,0.052388,60,65,2023,2023-12-02,2192,1462,8.282463,390,48.72037,88127,2024-01-31,2024-02-05
37,1,4,2023-02-20,13,3,20,41934,0.055057,60,65,2023,2023-02-20,1039,693,3.924876,185,23.087508,39625,2023-04-21,2023-04-26
37,2,4,2023-02-20,24,2,14,9946,0.055057,60,65,2023,2023-02-20,246,164,0.930931,44,5.476067,9399,2023-04-21,2023-04-26
37,3,4,2023-02-20,4,10,68,125279,0.055057,60,65,2023,2023-02-20,3104,2069,11.725718,552,68.974811,118381,2023-04-21,2023-04-26
37,4,4,2023-02-20,8,11,75,161104,0.055057,60,65,2023,2023-02-20,3991,2661,15.078885,710,88.699321,152234,2023-04-21,2023-04-26
37,5,4,2023-02-20,23,8,54,90865,0.055057,60,65,2023,2023-02-20,2251,1501,8.504709,400,50.027697,85862,2023-04-21,2023-04-26
37,6,4,2023-02-20,5,2,14,37196,0.055057,60,65,2023,2023-02-20,922,614,3.481437,164,20.479041,35148,2023-04-21,2023-04-26
37,7,4,2023-02-20,68,10,68,121403,0.055057,60,65,2023,2023-02-20,3008,2005,11.362933,535,66.840784,114719,2023-04-21,2023-04-26
37,8,4,2023-02-20,79,8,54,136962,0.055057,60,65,2023,2023-02-20,3393,2262,12.819254,603,75.407379,129421,2023-04-21,2023-04-26
38,1,4,2023-02-26,4,4,27,50111,0.055057,60,65,2023,2023-02-26,1242,828,4.690287,221,27.589924,47352,2023-04-27,2023-05-02
38,2,4,2023-02-26,2,9,61,145019,0.055057,60,65,2023,2023-02-26,3593,2395,13.573328,639,79.843107,137034,2023-04-27,2023-05-02
38,3,4,2023-02-26,21,13,88,65820,0.055057,60,65,2023,2023-02-26,1631,1087,6.160537,290,36.238451,62196,2023-04-27,2023-05-02
38,4,4,2023-02-26,23,13,88,147656,0.055057,60,65,2023,2023-02-26,3658,2439,13.820151,650,81.295008,139526,2023-04-27,2023-05-02
38,5,4,2023-02-26,9,12,81,201083,0.055057,60,65,2023,2023-02-26,4982,3321,18.820749,886,110.710288,190012,2023-04-27,2023-05-02
38,6,4,2023-02-26,1,8,54,129072,0.055057,60,65,2023,2023-02-26,3198,2132,12.080729,569,71.063109,121965,2023-04-27,2023-05-02
38,7,4,2023-02-26,30,11,75,53904,0.055057,60,65,2023,2023-02-26,1336,890,5.045298,237,29.678223,50937,2023-04-27,2023-05-02
38,8,4,2023-02-26,3,13,88,195390,0.055057,60,65,2023,2023-02-26,4841,3227,18.287909,861,107.575936,184632,2023-04-27,2023-05-02
38,9,4,2023-02-26,7,8,54,127604,0.055057,60,65,2023,2023-02-26,3161,2108,11.943389,562,70.255228,120579,2023-04-27,2023-05-02
38,10,4,2023-02-26,29,2,14,23194,0.055057,60,65,2023,2023-02-26,575,383,2.170877,102,12.769867,21917,2023-04-27,2023-05-02
38,11,4,2023-02-26,17,6,41,92049,0.055057,60,65,2023,2023-02-26,2281,1520,8.615487,405,50.679338,86981,2023-04-27,2023-05-02
38,12,4,2023-02-26,35,2,14,28288,0.055057,60,65,2023,2023-02-26,701,467,2.64768,125,15.574589,26731,2023-04-27,2023-05-02
38,13,4,2023-02-26,6,7,48,84836,0.055057,60,65,2023,2023-02-26,2102,1401,7.940449,374,46.708523,80166,2023-04-27,2023-05-02
38,14,4,2023-02-26,5,9,61,167382,0.055057,60,65,2023,2023-02-26,4147,2765,15.666466,737,92.155683,158166,2023-04-27,2023-05-02
38,15,4,2023-02-26,57,3,20,16456,0.055057,60,65,2023,2023-02-26,408,272,1.540215,72,9.060089,15550,2023-04-27,2023-05-02
38,16,4,2023-02-26,15,5,34,37393,0.055057,60,65,2023,2023-02-26,926,618,3.4999,165,20.587647,35334,2023-04-27,2023-05-02
38,17,4,2023-02-26,77,10,68,141544,0.055057,60,65,2023,2023-02-26,3507,2338,13.248118,623,77.930104,133751,2023-04-27,2023-05-02
38,18,4,2023-02-26,12,9,61,121908,0.055057,60,65,2023,2023-02-26,3020,2014,11.410225,537,67.11897,115196,2023-04-27,2023-05-02
38,19,4,2023-02-26,13,7,48,97845,0.055057,60,65,2023,2023-02-26,2424,1616,9.158045,431,53.870852,92458,2023-04-27,2023-05-02
38,20,4,2023-02-26,40,8,54,151248,0.055057,60,65,2023,2023-02-26,3747,2498,14.156375,666,83.272794,142921,2023-04-27,2023-05-02
38,21,4,2023-02-26,10,6,41,71783,0.055057,60,65,2023,2023-02-26,1778,1186,6.718642,316,39.521424,67830,2023-04-27,2023-05-02
39,1,4,2023-03-09,1,5,34,80670,0.055057,60,65,2023,2023-03-09,1999,1332,7.550455,355,44.414443,76228,2023-05-08,2023-05-13
39,2,4,2023-03-09,4,5,34,62639,0.055057,60,65,2023,2023-03-09,1552,1035,5.862859,276,34.487406,59191,2023-05-08,2023-05-13
39,3,4,2023-03-09,2,12,81,193358,0.055057,60,65,2023,2023-03-09,4791,3194,18.097771,852,106.457477,182713,2023-05-08,2023-05-13
39,4,4,2023-03-09,16,6,41,110467,0.055057,60,65,2023,2023-03-09,2737,1825,10.339362,487,60.819778,104385,2023-05-08,2023-05-13
39,5,4,2023-03-09,18,11,75,79638,0.055057,60,65,2023,2023-03-09,1973,1315,7.453929,351,43.84664,75254,2023-05-08,2023-05-13
39,6,4,2023-03-09,9,11,75,184326,0.055057,60,65,2023,2023-03-09,4567,3045,17.252353,812,101.484431,174177,2023-05-08,2023-05-13
39,7,4,2023-03-09,49,10,68,47274,0.055057,60,65,2023,2023-03-09,1171,781,4.424677,208,26.027512,44671,2023-05-08,2023-05-13
39,8,4,2023-03-09,10,13,88,155529,0.055057,60,65,2023,2023-03-09,3853,2569,14.557058,685,85.629751,146966,2023-05-08,2023-05-13
39,9,4,2023-03-09,40,8,54,151248,0.055057,60,65,2023,2023-03-09,3747,2498,14.156375,666,83.272794,142921,2023-05-08,2023-05-13
39,10,4,2023-03-09,27,3,20,14182,0.055057,60,65,2023,2023-03-09,351,234,1.327403,62,7.808253,13401,2023-05-08,2023-05-13
39,11,4,2023-03-09,45,13,88,89619,0.055057,60,65,2023,2023-03-09,2220,1480,8.388099,395,49.34176,84685,2023-05-08,2023-05-13
39,12,4,2023-03-09,6,3,20,36358,0.055057,60,65,2023,2023-03-09,901,601,3.40305,160,20.017938,34357,2023-05-08,2023-05-13
39,13,4,2023-03-09,52,4,27,78033,0.055057,60,65,2023,2023-03-09,1933,1289,7.303632,344,42.962543,73736,2023-05-08,2023-05-13
40,1,4,2023-04-12,2,5,34,80566,0.055057,60,65,2023,2023-04-12,1996,1331,7.540738,355,44.357282,76130,2023-06-11,2023-06-16
40,2,4,2023-04-12,22,11,75,176941,0.055057,60,65,2023,2023-04-12,4384,2923,16.561119,779,97.418347,167199,2023-06-11,2023-06-16
40,3,4,2023-04-12,24,12,81,59677,0.055057,60,65,2023,2023-04-12,1479,986,5.585588,263,32.856399,56391,2023-06-11,2023-06-16
40,4,4,2023-04-12,27,8,54,37819,0.055057,60,65,2023,2023-04-12,937,625,3.539742,167,20.822009,35737,2023-06-11,2023-06-16
40,5,4,2023-04-12,4,6,41,75167,0.055057,60,65,2023,2023-04-12,1862,1242,7.035431,331,41.384887,71029,2023-06-11,2023-06-16
40,6,4,2023-04-12,1,5,34,80670,0.055057,60,65,2023,2023-04-12,1999,1332,7.550455,355,44.414443,76228,2023-06-11,2023-06-16
40,7,4,2023-04-12,6,7,48,84836,0.055057,60,65,2023,2023-04-12,2102,1401,7.940449,374,46.708523,80166,2023-06-11,2023-06-16
40,8,4,2023-04-12,12,6,41,81272,0.055057,60,65,2023,2023-04-12,2014,1342,7.606817,358,44.74598,76797,2023-06-11,2023-06-16
40,9,4,2023-04-12,38,13,88,166866,0.055057,60,65,2023,2023-04-12,4134,2756,15.618203,735,91.871781,157679,2023-06-11,2023-06-16
41,1,4,2023-07-21,49,8,54,37819,0.055057,60,65,2023,2023-07-21,937,625,3.539742,167,20.822009,35737,2023-09-19,2023-09-24
41,2,4,2023-07-21,33,6,41,37521,0.055057,60,65,2023,2023-07-21,930,620,3.511885,165,20.658146,35455,2023-09-19,2023-09-24
41,3,4,2023-07-21,1,3,20,48402,0.055057,60,65,2023,2023-07-21,1199,799,4.530273,213,26.648666,45737,2023-09-19,2023-09-24
41,4,4,2023-07-21,9,4,27,67028,0.055057,60,65,2023,2023-07-21,1661,1107,6.273583,295,36.903429,63337,2023-09-19,2023-09-24
41,5,4,2023-07-21,47,9,61,119728,0.055057,60,65,2023,2023-07-21,2966,1978,11.206158,527,65.918579,113136,2023-09-19,2023-09-24
41,6,4,2023-07-21,44,8,54,145185,0.055057,60,65,2023,2023-07-21,3597,2398,13.588876,639,79.934566,137191,2023-09-19,2023-09-24
41,7,4,2023-07-21,10,3,20,35891,0.055057,60,65,2023,2023-07-21,889,593,3.359321,158,19.760712,33915,2023-09-19,2023-09-24
41,8,4,2023-07-21,2,11,75,177245,0.055057,60,65,2023,2023-07-21,4391,2928,16.589623,781,97.58602,167486,2023-09-19,2023-09-24
41,9,4,2023-07-21,6,13,88,157553,0.055057,60,65,2023,2023-07-21,3903,2602,14.746548,694,86.744399,148879,2023-09-19,2023-09-24
41,10,4,2023-07-21,74,4,27,43522,0.055057,60,65,2023,2023-07-21,1078,719,4.073553,192,23.962078,41126,2023-09-19,2023-09-24
41,11,4,2023-07-21,41,11,75,82722,0.055057,60,65,2023,2023-07-21,2049,1366,7.742537,364,45.544335,78168,2023-09-19,2023-09-24
41,12,4,2023-07-21,5,2,14,37196,0.055057,60,65,2023,2023-07-21,922,614,3.481437,164,20.479041,35148,2023-09-19,2023-09-24
41,13,4,2023-07-21,29,8,54,92775,0.055057,60,65,2023,2023-07-21,2299,1532,8.68351,409,51.079468,87667,2023-09-19,2023-09-24
41,14,4,2023-07-21,18,10,68,72399,0.055057,60,65,2023,2023-07-21,1794,1196,6.776299,319,39.860582,68413,2023-09-19,2023-09-24
41,15,4,2023-07-21,25,7,48,116160,0.055057,60,65,2023,2023-07-21,2878,1919,10.872202,512,63.954131,109764,2023-09-19,2023-09-24
41,16,4,2023-07-21,19,4,27,56272,0.055057,60,65,2023,2023-07-21,1394,929,5.266856,248,30.981504,53173,2023-09-19,2023-09-24
42,1,4,2023-08-13,10,4,27,47855,0.055057,60,65,2023,2023-08-13,1186,790,4.479095,211,26.347616,45220,2023-10-12,2023-10-17
42,2,4,2023-08-13,2,2,14,32226,0.055057,60,65,2023,2023-08-13,798,532,3.016295,142,17.742913,30452,2023-10-12,2023-10-17
42,3,4,2023-08-13,1,12,81,193607,0.055057,60,65,2023,2023-08-13,4797,3198,18.121093,853,106.594664,182948,2023-10-12,2023-10-17
42,4,4,2023-08-13,23,8,54,90865,0.055057,60,65,2023,2023-08-13,2251,1501,8.504709,400,50.027697,85862,2023-10-12,2023-10-17
42,5,4,2023-08-13,4,8,54,100223,0.055057,60,65,2023,2023-08-13,2483,1655,9.380574,441,55.179849,94705,2023-10-12,2023-10-17
42,6,4,2023-08-13,80,9,61,156107,0.055057,60,65,2023,2023-08-13,3868,2578,14.611151,688,85.94795,147512,2023-10-12,2023-10-17
42,7,4,2023-08-13,49,7,48,33092,0.055057,60,65,2023,2023-08-13,820,547,3.097274,146,18.219258,31270,2023-10-12,2023-10-17
42,8,4,2023-08-13,17,11,75,168756,0.055057,60,65,2023,2023-08-13,4181,2787,15.79506,743,92.912119,159465,2023-10-12,2023-10-17
42,9,4,2023-08-13,61,4,27,19463,0.055057,60,65,2023,2023-08-13,482,321,1.821697,86,10.715866,18392,2023-10-12,2023-10-17
42,10,4,2023-08-13,7,11,75,175456,0.055057,60,65,2023,2023-08-13,4347,2898,16.422159,773,96.600938,165796,2023-10-12,2023-10-17
42,11,4,2023-08-13,45,13,88,89619,0.055057,60,65,2023,2023-08-13,2220,1480,8.388099,395,49.34176,84685,2023-10-12,2023-10-17
42,12,4,2023-08-13,38,4,27,51343,0.055057,60,65,2023,2023-08-13,1272,848,4.805601,226,28.26824,48517,2023-10-12,2023-10-17
42,13,4,2023-08-13,15,9,61,67308,0.055057,60,65,2023,2023-08-13,1668,1112,6.29982,296,37.057765,63602,2023-10-12,2023-10-17
43,1,4,2023-08-20,17,6,41,92049,0.055057,60,65,2023,2023-08-20,2281,1520,8.615487,405,50.679338,86981,2023-10-19,2023-10-24
43,2,4,2023-08-20,1,8,54,129072,0.055057,60,65,2023,2023-08-20,3198,2132,12.080729,569,71.063109,121965,2023-10-19,2023-10-24
43,3,4,2023-08-20,2,3,20,48340,0.055057,60,65,2023,2023-08-20,1198,798,4.524443,213,26.614369,45678,2023-10-19,2023-10-24
43,4,4,2023-08-20,13,5,34,69890,0.055057,60,65,2023,2023-08-20,1732,1154,6.541461,308,38.47918,66042,2023-10-19,2023-10-24
43,5,4,2023-08-20,7,7,48,111654,0.055057,60,65,2023,2023-08-20,2766,1844,10.450465,492,61.473324,105506,2023-10-19,2023-10-24
43,6,4,2023-08-20,74,3,20,32642,0.055057,60,65,2023,2023-08-20,809,539,3.055165,144,17.971559,30845,2023-10-19,2023-10-24
43,7,4,2023-08-20,41,2,14,15040,0.055057,60,65,2023,2023-08-20,373,248,1.407734,66,8.280788,14212,2023-10-19,2023-10-24
43,8,4,2023-08-20,3,10,68,150300,0.055057,60,65,2023,2023-08-20,3724,2483,14.067622,662,82.75072,142025,2023-10-19,2023-10-24
43,9,4,2023-08-20,60,5,34,92886,0.055057,60,65,2023,2023-08-20,2301,1534,8.693875,409,51.14044,87772,2023-10-19,2023-10-24
43,10,4,2023-08-20,39,6,41,44228,0.055057,60,65,2023,2023-08-20,1096,731,4.139632,195,24.350776,41793,2023-10-19,2023-10-24
43,11,4,2023-08-20,4,6,41,75167,0.055057,60,65,2023,2023-08-20,1862,1242,7.035431,331,41.384887,71029,2023-10-19,2023-10-24
43,12,4,2023-08-20,12,9,61,121908,0.055057,60,65,2023,2023-08-20,3020,2014,11.410225,537,67.11897,115196,2023-10-19,2023-10-24
43,13,4,2023-08-20,26,13,88,142212,0.055057,60,65,2023,2023-08-20,3523,2349,13.310633,626,78.297843,134382,2023-10-19,2023-10-24
43,14,4,2023-08-20,48,7,48,125099,0.055057,60,65,2023,2023-08-20,3099,2066,11.708874,551,68.875731,118211,2023-10-19,2023-10-24
43,15,4,2023-08-20,5,12,81,223176,0.055057,60,65,2023,2023-08-20,5529,3686,20.888621,983,122.874244,210889,2023-10-19,2023-10-24
43,16,4,2023-08-20,52,6,41,117049,0.055057,60,65,2023,2023-08-20,2900,1933,10.955448,516,64.443814,110605,2023-10-19,2023-10-24
44,1,4,2023-08-26,6,6,41,72717,0.055057,60,65,2023,2023-08-26,1802,1201,6.806099,320,40.035877,68713,2023-10-25,2023-10-30
44,2,4,2023-08-26,8,2,14,29292,0.055057,60,65,2023,2023-08-26,726,484,2.741615,129,16.127149,27679,2023-10-25,2023-10-30
44,3,4,2023-08-26,14,8,54,122898,0.055057,60,65,2023,2023-08-26,3045,2030,11.502864,541,67.663909,116131,2023-10-25,2023-10-30
44,4,4,2023-08-26,3,6,41,90180,0.055057,60,65,2023,2023-08-26,2234,1490,8.440573,397,49.650432,85215,2023-10-25,2023-10-30
44,5,4,2023-08-26,1,5,34,80670,0.055057,60,65,2023,2023-08-26,1999,1332,7.550455,355,44.414443,76228,2023-10-25,2023-10-30
44,6,4,2023-08-26,57,6,41,32912,0.055057,60,65,2023,2023-08-26,815,544,3.08043,145,18.120178,31100,2023-10-25,2023-10-30
44,7,4,2023-08-26,15,2,14,14957,0.055057,60,65,2023,2023-08-26,371,247,1.39996,66,8.235059,14134,2023-10-25,2023-10-30
44,8,4,2023-08-26,41,9,61,67682,0.055057,60,65,2023,2023-08-26,1677,1118,6.334803,298,37.263546,63955,2023-10-25,2023-10-30
44,9,4,2023-08-26,12,4,27,54181,0.055057,60,65,2023,2023-08-26,1342,895,5.071211,239,29.830653,51198,2023-10-25,2023-10-30
44,10,4,2023-08-26,24,6,41,29838,0.055057,60,65,2023,2023-08-26,739,493,2.792794,131,16.4282,28196,2023-10-25,2023-10-30
44,11,4,2023-08-26,38,4,27,51343,0.055057,60,65,2023,2023-08-26,1272,848,4.805601,226,28.26824,48517,2023-10-25,2023-10-30
44,12,4,2023-08-26,27,13,88,61456,0.055057,60,65,2023,2023-08-26,1523,1015,5.75208,271,33.835765,58072,2023-10-25,2023-10-30
44,13,4,2023-08-26,58,6,41,95765,0.055057,60,65,2023,2023-08-26,2373,1582,8.963372,422,52.725718,90493,2023-10-25,2023-10-30
44,14,4,2023-08-26,4,9,61,112751,0.055057,60,65,2023,2023-08-26,2793,1862,10.553146,497,62.07733,106543,2023-10-25,2023-10-30
44,15,4,2023-08-26,9,4,27,67028,0.055057,60,65,2023,2023-08-26,1661,1107,6.273583,295,36.903429,63337,2023-10-25,2023-10-30
44,16,4,2023-08-26,10,6,41,71783,0.055057,60,65,2023,2023-08-26,1778,1186,6.718642,316,39.521424,67830,2023-10-25,2023-10-30
44,17,4,2023-08-26,21,12,81,60757,0.055057,60,65,2023,2023-08-26,1505,1004,5.686649,268,33.450878,57412,2023-10-25,2023-10-30
44,18,4,2023-08-26,18,8,54,57919,0.055057,60,65,2023,2023-08-26,1435,957,5.421039,255,31.888465,54730,2023-10-25,2023-10-30
44,19,4,2023-08-26,20,5,34,55977,0.055057,60,65,2023,2023-08-26,1387,925,5.239323,247,30.819546,52895,2023-10-25,2023-10-30
44,20,4,2023-08-26,22,7,48,112599,0.055057,60,65,2023,2023-08-26,2790,1860,10.538894,496,61.993493,106399,2023-10-25,2023-10-30
44,21,4,2023-08-26,5,2,14,37196,0.055057,60,65,2023,2023-08-26,922,614,3.481437,164,20.479041,35148,2023-10-25,2023-10-30
44,22,4,2023-08-26,49,5,34,23637,0.055057,60,65,2023,2023-08-26,586,390,2.212338,104,13.013756,22335,2023-10-25,2023-10-30
44,23,4,2023-08-26,30,12,81,58805,0.055057,60,65,2023,2023-08-26,1457,971,5.503961,259,32.376243,55567,2023-10-25,2023-10-30
44,24,4,2023-08-26,2,4,27,64453,0.055057,60,65,2023,2023-08-26,1597,1065,6.03259,284,35.485826,60904,2023-10-25,2023-10-30
44,25,4,2023-08-26,11,8,54,114730,0.055057,60,65,2023,2023-08-26,2843,1895,10.738425,505,63.167208,108414,2023-10-25,2023-10-30
45,1,4,2023-09-14,4,7,48,87695,0.055057,60,65,2023,2023-09-14,2173,1448,8.208003,386,48.282368,82867,2023-11-13,2023-11-18
45,2,4,2023-09-14,3,13,88,195390,0.055057,60,65,2023,2023-09-14,4841,3227,18.287909,861,107.575936,184632,2023-11-13,2023-11-18
45,3,4,2023-09-14,14,10,68,153622,0.055057,60,65,2023,2023-09-14,3806,2537,14.378581,677,84.579886,145164,2023-11-13,2023-11-18
45,4,4,2023-09-14,19,8,54,112543,0.055057,60,65,2023,2023-09-14,2788,1859,10.533711,496,61.963007,106347,2023-11-13,2023-11-18
45,5,4,2023-09-14,32,5,34,54212,0.055057,60,65,2023,2023-09-14,1343,895,5.074126,239,29.847802,51228,2023-11-13,2023-11-18
45,6,4,2023-09-14,16,5,34,92056,0.055057,60,65,2023,2023-09-14,2281,1520,8.616135,405,50.683149,86987,2023-11-13,2023-11-18
45,7,4,2023-09-14,60,6,41,111463,0.055057,60,65,2023,2023-09-14,2762,1841,10.43265,491,61.368528,105327,2023-11-13,2023-11-18
45,8,4,2023-09-14,12,11,75,148999,0.055057,60,65,2023,2023-09-14,3692,2461,13.94583,656,82.034296,140795,2023-11-13,2023-11-18
45,9,4,2023-09-14,1,2,14,32268,0.055057,60,65,2023,2023-09-14,799,533,3.020182,142,17.765777,30491,2023-11-13,2023-11-18
45,10,4,2023-09-14,65,11,75,172601,0.055057,60,65,2023,2023-09-14,4276,2851,16.15493,760,95.028998,163098,2023-11-13,2023-11-18
45,11,4,2023-09-14,23,12,81,136298,0.055057,60,65,2023,2023-09-14,3377,2251,12.757063,600,75.041546,128793,2023-11-13,2023-11-18
45,12,4,2023-09-14,2,13,88,209471,0.055057,60,65,2023,2023-09-14,5190,3460,19.605919,923,115.328933,197939,2023-11-13,2023-11-18
45,13,4,2023-09-14,33,3,20,18761,0.055057,60,65,2023,2023-09-14,465,310,1.755942,83,10.329073,17728,2023-11-13,2023-11-18
45,14,4,2023-09-14,44,5,34,90741,0.055057,60,65,2023,2023-09-14,2248,1499,8.493048,400,49.959104,85745,2023-11-13,2023-11-18
45,15,4,2023-09-14,27,11,75,52001,0.055057,60,65,2023,2023-09-14,1288,859,4.867145,229,28.630263,49138,2023-11-13,2023-11-18
45,16,4,2023-09-14,8,9,61,131813,0.055057,60,65,2023,2023-09-14,3266,2177,12.337269,581,72.572172,124555,2023-11-13,2023-11-18
45,17,4,2023-09-14,10,7,48,83746,0.055057,60,65,2023,2023-09-14,2075,1383,7.838416,369,46.108328,79136,2023-11-13,2023-11-18
45,18,4,2023-09-14,45,4,27,27575,0.055057,60,65,2023,2023-09-14,683,455,2.580954,121,15.18208,26057,2023-11-13,2023-11-18
45,19,4,2023-09-14,5,6,41,111588,0.055057,60,65,2023,2023-09-14,2765,1843,10.444311,491,61.437122,105444,2023-11-13,2023-11-18
45,20,4,2023-09-14,6,11,75,133314,0.055057,60,65,2023,2023-09-14,3303,2202,12.477848,587,73.399107,125975,2023-11-13,2023-11-18
45,21,4,2023-09-14,37,4,27,76579,0.055057,60,65,2023,2023-09-14,1897,1265,7.167588,337,42.162282,72363,2023-11-13,2023-11-18
45,22,4,2023-09-14,17,3,20,46024,0.055057,60,65,2023,2023-09-14,1140,760,4.307744,203,25.339669,43490,2023-11-13,2023-11-18
46,1,4,2023-09-25,4,12,81,150334,0.055057,60,65,2023,2023-09-25,3725,2483,14.070861,662,82.769773,142057,2023-11-24,2023-11-29
46,2,4,2023-09-25,8,3,20,43938,0.055057,60,65,2023,2023-09-25,1089,726,4.112423,194,24.190724,41518,2023-11-24,2023-11-29
46,3,4,2023-09-25,1,10,68,161340,0.055057,60,65,2023,2023-09-25,3997,2665,15.100911,711,88.828887,152457,2023-11-24,2023-11-29
46,4,4,2023-09-25,14,12,81,184346,0.055057,60,65,2023,2023-09-25,4567,3045,17.254297,812,101.495863,174197,2023-11-24,2023-11-29
46,5,4,2023-09-25,69,6,41,85487,0.055057,60,65,2023,2023-09-25,2118,1412,8.001345,377,47.066734,80780,2023-11-24,2023-11-29
46,6,4,2023-09-25,41,7,48,52641,0.055057,60,65,2023,2023-09-25,1304,869,4.927069,232,28.982758,49743,2023-11-24,2023-11-29
46,7,4,2023-09-25,36,2,14,10341,0.055057,60,65,2023,2023-09-25,256,171,0.967858,46,5.69328,9771,2023-11-24,2023-11-29
46,8,4,2023-09-25,37,8,54,153158,0.055057,60,65,2023,2023-09-25,3795,2530,14.335176,675,84.324565,144726,2023-11-24,2023-11-29
46,9,4,2023-09-25,2,12,81,193358,0.055057,60,65,2023,2023-09-25,4791,3194,18.097771,852,106.457477,182713,2023-11-24,2023-11-29
46,10,4,2023-09-25,9,9,61,150812,0.055057,60,65,2023,2023-09-25,3736,2491,14.115562,664,83.032716,142509,2023-11-24,2023-11-29
46,11,4,2023-09-25,61,13,88,63255,0.055057,60,65,2023,2023-09-25,1567,1045,5.920516,279,34.826564,59773,2023-11-24,2023-11-29
46,12,4,2023-09-25,5,5,34,92990,0.055057,60,65,2023,2023-09-25,2304,1536,8.703592,410,51.197602,87870,2023-11-24,2023-11-29
46,13,4,2023-09-25,10,8,54,95710,0.055057,60,65,2023,2023-09-25,2371,1581,8.958189,422,52.695231,90441,2023-11-24,2023-11-29
46,14,4,2023-09-25,32,13,88,140952,0.055057,60,65,2023,2023-09-25,3492,2328,13.192728,621,77.604284,133192,2023-11-24,2023-11-29
46,15,4,2023-09-25,60,9,61,167195,0.055057,60,65,2023,2023-09-25,4142,2762,15.648975,736,92.052792,157990,2023-11-24,2023-11-29
46,16,4,2023-09-25,11,9,61,129072,0.055057,60,65,2023,2023-09-25,3198,2132,12.080729,569,71.063109,121965,2023-11-24,2023-11-29
46,17,4,2023-09-25,28,2,14,27035,0.055057,60,65,2023,2023-09-25,670,447,2.530423,119,14.88484,25547,2023-11-24,2023-11-29
46,18,4,2023-09-25,27,3,20,14182,0.055057,60,65,2023,2023-09-25,351,234,1.327403,62,7.808253,13401,2023-11-24,2023-11-29
46,19,4,2023-09-25,46,8,54,171708,0.055057,60,65,2023,2023-09-25,4254,2836,16.07136,756,94.53741,162254,2023-11-24,2023-11-29
46,20,4,2023-09-25,20,4,27,44782,0.055057,60,65,2023,2023-09-25,1110,740,4.191458,197,24.655637,42316,2023-11-24,2023-11-29
47,1,4,2023-10-31,3,13,88,195390,0.055057,60,65,2023,2023-10-31,4841,3227,18.287909,861,107.575936,184632,2023-12-30,2024-01-04
47,2,4,2023-10-31,5,2,14,37196,0.055057,60,65,2023,2023-10-31,922,614,3.481437,164,20.479041,35148,2023-12-30,2024-01-04
47,3,4,2023-10-31,19,4,27,56272,0.055057,60,65,2023,2023-10-31,1394,929,5.266856,248,30.981504,53173,2023-12-30,2024-01-04
47,4,4,2023-10-31,1,13,88,209741,0.055057,60,65,2023,2023-10-31,5196,3464,19.631184,924,115.477553,198194,2023-12-30,2024-01-04
47,5,4,2023-10-31,7,12,81,191406,0.055057,60,65,2023,2023-10-31,4742,3161,17.915083,843,105.382841,180868,2023-12-30,2024-01-04
47,6,4,2023-10-31,47,5,34,66515,0.055057,60,65,2023,2023-10-31,1648,1099,6.225644,293,36.621433,62853,2023-12-30,2024-01-04
47,7,4,2023-10-31,53,13,88,76752,0.055057,60,65,2023,2023-10-31,1902,1268,7.183784,338,42.257551,72526,2023-12-30,2024-01-04
47,8,4,2023-10-31,25,6,41,99565,0.055057,60,65,2023,2023-10-31,2467,1645,9.319031,439,54.817826,94084,2023-12-30,2024-01-04
47,9,4,2023-10-31,2,13,88,209471,0.055057,60,65,2023,2023-10-31,5190,3460,19.605919,923,115.328933,197939,2023-12-30,2024-01-04
47,10,4,2023-10-31,68,7,48,84982,0.055057,60,65,2023,2023-10-31,2105,1404,7.954053,374,46.788549,80303,2023-12-30,2024-01-04
47,11,4,2023-10-31,21,12,81,60757,0.055057,60,65,2023,2023-10-31,1505,1004,5.686649,268,33.450878,57412,2023-12-30,2024-01-04
47,12,4,2023-10-31,24,5,34,24865,0.055057,60,65,2023,2023-10-31,616,411,2.327328,110,13.690166,23496,2023-12-30,2024-01-04
48,1,4,2023-11-13,11,12,81,172095,0.055057,60,65,2023,2023-11-13,4264,2843,16.107638,758,94.750812,162620,2024-01-12,2024-01-17
48,2,4,2023-11-13,7,2,14,31901,0.055057,60,65,2023,2023-11-13,790,527,2.985847,141,17.563807,30145,2024-01-12,2024-01-17
48,3,4,2023-11-13,8,11,75,161104,0.055057,60,65,2023,2023-11-13,3991,2661,15.078885,710,88.699321,152234,2024-01-12,2024-01-17
48,4,4,2023-11-13,6,5,34,60597,0.055057,60,65,2023,2023-11-13,1501,1001,5.671749,267,33.363231,57261,2024-01-12,2024-01-17
48,5,4,2023-11-13,1,3,20,48402,0.055057,60,65,2023,2023-11-13,1199,799,4.530273,213,26.648666,45737,2024-01-12,2024-01-17
48,6,4,2023-11-13,29,4,27,46388,0.055057,60,65,2023,2023-11-13,1149,766,4.341755,204,25.539734,43834,2024-01-12,2024-01-17
48,7,4,2023-11-13,19,5,34,70339,0.055057,60,65,2023,2023-11-13,1743,1162,6.58357,310,38.72688,66467,2024-01-12,2024-01-17
48,8,4,2023-11-13,15,9,61,67308,0.055057,60,65,2023,2023-11-13,1668,1112,6.29982,296,37.057765,63602,2024-01-12,2024-01-17
48,9,4,2023-11-13,13,7,48,97845,0.055057,60,65,2023,2023-11-13,2424,1616,9.158045,431,53.870852,92458,2024-01-12,2024-01-17
48,10,4,2023-11-13,84,2,14,39999,0.055057,60,65,2023,2023-11-13,991,661,3.743808,176,22.0224,37797,2024-01-12,2024-01-17
48,11,4,2023-11-13,4,5,34,62639,0.055057,60,65,2023,2023-11-13,1552,1035,5.862859,276,34.487406,59191,2024-01-12,2024-01-17
48,12,4,2023-11-13,2,8,54,128906,0.055057,60,65,2023,2023-11-13,3194,2129,12.065181,568,70.971651,121808,2024-01-12,2024-01-17
48,13,4,2023-11-13,38,11,75,141195,0.055057,60,65,2023,2023-11-13,3498,2332,13.215402,622,77.737661,133421,2024-01-12,2024-01-17
48,14,4,2023-11-13,49,12,81,56728,0.055057,60,65,2023,2023-11-13,1405,937,5.309612,250,31.233014,53605,2024-01-12,2024-01-17
48,15,4,2023-11-13,21,2,14,10126,0.055057,60,65,2023,2023-11-13,251,167,0.947775,45,5.575146,9569,2024-01-12,2024-01-17
48,16,4,2023-11-13,9,12,81,201083,0.055057,60,65,2023,2023-11-13,4982,3321,18.820749,886,110.710288,190012,2024-01-12,2024-01-17
48,17,4,2023-11-13,51,4,27,47038,0.055057,60,65,2023,2023-11-13,1165,777,4.402651,207,25.897946,44449,2024-01-12,2024-01-17
48,18,4,2023-11-13,18,10,68,72399,0.055057,60,65,2023,2023-11-13,1794,1196,6.776299,319,39.860582,68413,2024-01-12,2024-01-17
49,1,5,2023-01-20,53,11,62,54312,0.058006,60,65,2023,2023-01-20,1418,945,5.355745,252,31.504384,51162,2023-03-21,2023-03-26
49,2,5,2023-01-20,3,10,57,125695,0.058006,60,65,2023,2023-01-20,3281,2187,12.394757,583,72.910337,118404,2023-03-21,2023-03-26
49,3,5,2023-01-20,27,5,28,19767,0.058006,60,65,2023,2023-01-20,516,344,1.949256,92,11.466212,18621,2023-03-21,2023-03-26
49,4,5,2023-01-20,2,12,68,161704,0.058006,60,65,2023,2023-01-20,4221,2814,15.945657,750,93.797981,152325,2023-03-21,2023-03-26
49,5,5,2023-01-20,16,8,45,123177,0.058006,60,65,2023,2023-01-20,3215,2143,12.146463,572,71.44978,116032,2023-03-21,2023-03-26
49,6,5,2023-01-20,54,8,45,104515,0.058006,60,65,2023,2023-01-20,2728,1819,10.306228,485,60.624869,98453,2023-03-21,2023-03-26
49,7,5,2023-01-20,10,4,23,40021,0.058006,60,65,2023,2023-01-20,1045,696,3.946459,186,23.214463,37699,2023-03-21,2023-03-26
49,8,5,2023-01-20,4,11,62,115247,0.058006,60,65,2023,2023-01-20,3008,2005,11.364477,535,66.849864,108562,2023-03-21,2023-03-26
49,9,5,2023-01-20,11,10,57,119935,0.058006,60,65,2023,2023-01-20,3131,2087,11.826819,557,69.569522,112978,2023-03-21,2023-03-26
49,10,5,2023-01-20,14,4,23,51389,0.058006,60,65,2023,2023-01-20,1341,894,5.067495,238,29.808794,48408,2023-03-21,2023-03-26
49,11,5,2023-01-20,1,9,51,121435,0.058006,60,65,2023,2023-01-20,3170,2113,11.974654,564,70.439141,114391,2023-03-21,2023-03-26
49,12,5,2023-01-20,33,5,28,26149,0.058006,60,65,2023,2023-01-20,683,455,2.578555,121,15.167969,24632,2023-03-21,2023-03-26
49,13,5,2023-01-20,34,12,68,194872,0.058006,60,65,2023,2023-01-20,5087,3391,19.216297,904,113.037043,183568,2023-03-21,2023-03-26
50,1,5,2023-04-02,60,10,57,155360,0.058006,60,65,2023,2023-04-02,4055,2704,15.320068,721,90.118049,146349,2023-06-01,2023-06-06
50,2,5,2023-04-02,26,12,68,109783,0.058006,60,65,2023,2023-04-02,2866,1910,10.825649,509,63.680288,103415,2023-06-01,2023-06-06
50,3,5,2023-04-02,14,2,11,25695,0.058006,60,65,2023,2023-04-02,671,447,2.533748,119,14.904397,24204,2023-06-01,2023-06-06
50,4,5,2023-04-02,42,3,17,57331,0.058006,60,65,2023,2023-04-02,1496,998,5.653413,266,33.255373,54006,2023-06-01,2023-06-06
50,5,5,2023-04-02,4,3,17,31431,0.058006,60,65,2023,2023-04-02,820,547,3.099403,146,18.231781,29608,2023-06-01,2023-06-06
50,6,5,2023-04-02,10,3,17,30016,0.058006,60,65,2023,2023-04-02,783,522,2.959844,139,17.410847,28275,2023-06-01,2023-06-06
50,7,5,2023-04-02,21,7,40,29639,0.058006,60,65,2023,2023-04-02,774,516,2.922743,138,17.192603,27920,2023-06-01,2023-06-06
50,8,5,2023-04-02,3,5,28,62847,0.058006,60,65,2023,2023-04-02,1640,1094,6.197379,292,36.455168,59202,2023-06-01,2023-06-06
50,9,5,2023-04-02,33,4,23,20919,0.058006,60,65,2023,2023-04-02,546,364,2.062844,97,12.134375,19706,2023-06-01,2023-06-06
50,10,5,2023-04-02,15,8,45,50035,0.058006,60,65,2023,2023-04-02,1306,871,4.93393,232,29.023115,47133,2023-06-01,2023-06-06
50,11,5,2023-04-02,18,11,62,66601,0.058006,60,65,2023,2023-04-02,1738,1159,6.567537,309,38.632574,62738,2023-06-01,2023-06-06
50,12,5,2023-04-02,2,11,62,148229,0.058006,60,65,2023,2023-04-02,3869,2579,14.616852,688,85.981483,139631,2023-06-01,2023-06-06
50,13,5,2023-04-02,7,10,57,133393,0.058006,60,65,2023,2023-04-02,3482,2321,13.153911,619,77.375948,125656,2023-06-01,2023-06-06
50,14,5,2023-04-02,45,5,28,28826,0.058006,60,65,2023,2023-04-02,752,502,2.842546,134,16.72086,27154,2023-06-01,2023-06-06
50,15,5,2023-04-02,11,12,68,143922,0.058006,60,65,2023,2023-04-02,3757,2505,14.192183,668,83.483427,135574,2023-06-01,2023-06-06
50,16,5,2023-04-02,5,6,34,93320,0.058006,60,65,2023,2023-04-02,2436,1624,9.202315,433,54.131266,87907,2023-06-01,2023-06-06
50,17,5,2023-04-02,32,4,23,36270,0.058006,60,65,2023,2023-04-02,947,631,3.576585,168,21.038737,34166,2023-06-01,2023-06-06
50,18,5,2023-04-02,19,11,62,129414,0.058006,60,65,2023,2023-04-02,3378,2252,12.761491,601,75.067596,121907,2023-06-01,2023-06-06
50,19,5,2023-04-02,27,7,40,27674,0.058006,60,65,2023,2023-04-02,722,482,2.728959,128,16.052697,26069,2023-06-01,2023-06-06
50,20,5,2023-04-02,76,9,51,129457,0.058006,60,65,2023,2023-04-02,3379,2253,12.765772,601,75.092778,121948,2023-06-01,2023-06-06
50,21,5,2023-04-02,16,11,62,169368,0.058006,60,65,2023,2023-04-02,4421,2947,16.701386,786,98.243447,159544,2023-06-01,2023-06-06
50,22,5,2023-04-02,66,6,34,95404,0.058006,60,65,2023,2023-04-02,2490,1660,9.407801,443,55.340003,89870,2023-06-01,2023-06-06
50,23,5,2023-04-02,83,10,57,147054,0.058006,60,65,2023,2023-04-02,3838,2559,14.500981,682,85.29989,138524,2023-06-01,2023-06-06
50,24,5,2023-04-02,29,5,28,48492,0.058006,60,65,2023,2023-04-02,1266,844,4.781813,225,28.128314,45679,2023-06-01,2023-06-06
51,1,5,2023-04-14,30,2,11,8196,0.058006,60,65,2023,2023-04-14,214,143,0.808242,38,4.754365,7721,2023-06-13,2023-06-18
51,2,5,2023-04-14,1,4,23,53971,0.058006,60,65,2023,2023-04-14,1409,939,5.322068,250,31.306285,50840,2023-06-13,2023-06-18
51,3,5,2023-04-14,21,8,45,33874,0.058006,60,65,2023,2023-04-14,884,589,3.340277,157,19.648689,31909,2023-06-13,2023-06-18
51,4,5,2023-04-14,7,7,40,93375,0.058006,60,65,2023,2023-04-14,2437,1625,9.207738,433,54.163164,87959,2023-06-13,2023-06-18
51,5,5,2023-04-14,13,4,23,46759,0.058006,60,65,2023,2023-04-14,1221,814,4.610861,217,27.122712,44046,2023-06-13,2023-06-18
51,6,5,2023-04-14,4,9,51,94293,0.058006,60,65,2023,2023-04-14,2461,1641,9.298208,438,54.695344,88823,2023-06-13,2023-06-18
51,7,5,2023-04-14,3,2,11,25139,0.058006,60,65,2023,2023-04-14,656,437,2.478951,117,14.582067,23681,2023-06-13,2023-06-18
51,8,5,2023-04-14,34,13,74,211111,0.058006,60,65,2023,2023-04-14,5511,3674,20.817655,980,122.456797,198865,2023-06-13,2023-06-18
51,9,5,2023-04-14,10,10,57,100052,0.058006,60,65,2023,2023-04-14,2612,1741,9.866147,464,58.036158,94249,2023-06-13,2023-06-18
51,10,5,2023-04-14,5,3,17,46660,0.058006,60,65,2023,2023-04-14,1218,812,4.601158,217,27.065633,43954,2023-06-13,2023-06-18
51,11,5,2023-04-14,26,13,74,118931,0.058006,60,65,2023,2023-04-14,3104,2070,11.727786,552,68.986978,112032,2023-06-13,2023-06-18
51,12,5,2023-04-14,71,9,51,83249,0.058006,60,65,2023,2023-04-14,2173,1449,8.209136,386,48.289038,78420,2023-06-13,2023-06-18
51,13,5,2023-04-14,8,11,62,134731,0.058006,60,65,2023,2023-04-14,3517,2345,13.285764,625,78.151554,126915,2023-06-13,2023-06-18
52,1,5,2023-05-01,7,2,11,26679,0.058006,60,65,2023,2023-05-01,696,464,2.630782,124,15.47519,25131,2023-06-30,2023-07-05
52,2,5,2023-05-01,80,2,11,29011,0.058006,60,65,2023,2023-05-01,757,505,2.860812,135,16.828303,27329,2023-06-30,2023-07-05
52,3,5,2023-05-01,78,9,51,130734,0.058006,60,65,2023,2023-05-01,3412,2275,12.891632,607,75.83313,123150,2023-06-30,2023-07-05
52,4,5,2023-05-01,20,5,28,46814,0.058006,60,65,2023,2023-05-01,1222,815,4.616284,217,27.15461,44098,2023-06-30,2023-07-05
52,5,5,2023-05-01,11,8,45,95948,0.058006,60,65,2023,2023-05-01,2505,1670,9.461455,445,55.655618,90383,2023-06-30,2023-07-05
52,6,5,2023-05-01,1,5,28,67464,0.058006,60,65,2023,2023-05-01,1761,1174,6.652586,313,39.132856,63550,2023-06-30,2023-07-05
52,7,5,2023-05-01,18,4,23,24219,0.058006,60,65,2023,2023-05-01,632,421,2.388195,112,14.048209,22814,2023-06-30,2023-07-05
52,8,5,2023-05-01,49,4,23,15814,0.058006,60,65,2023,2023-05-01,413,275,1.559405,73,9.17297,14897,2023-06-30,2023-07-05
52,9,5,2023-05-01,36,10,57,43239,0.058006,60,65,2023,2023-05-01,1129,752,4.263819,201,25.08129,40731,2023-06-30,2023-07-05
52,10,5,2023-05-01,21,10,57,42342,0.058006,60,65,2023,2023-05-01,1105,737,4.175346,196,24.560862,39886,2023-06-30,2023-07-05
52,11,5,2023-05-01,38,3,17,32204,0.058006,60,65,2023,2023-05-01,841,560,3.175604,149,18.680021,30336,2023-06-30,2023-07-05
52,12,5,2023-05-01,4,5,28,52385,0.058006,60,65,2023,2023-05-01,1367,912,5.165671,243,30.386302,49346,2023-06-30,2023-07-05
52,13,5,2023-05-01,41,8,45,50313,0.058006,60,65,2023,2023-05-01,1313,876,4.961328,233,29.18428,47394,2023-06-30,2023-07-05
52,14,5,2023-05-01,22,3,17,40357,0.058006,60,65,2023,2023-05-01,1053,702,3.979565,187,23.409204,38016,2023-06-30,2023-07-05
53,1,5,2023-06-18,28,3,17,33914,0.058006,60,65,2023,2023-06-18,885,590,3.344273,157,19.672193,31947,2023-08-17,2023-08-22
53,2,5,2023-06-18,18,8,45,48437,0.058006,60,65,2023,2023-06-18,1264,843,4.776391,225,28.096417,45628,2023-08-17,2023-08-22
53,3,5,2023-06-18,6,5,28,50677,0.058006,60,65,2023,2023-06-18,1323,882,4.997288,235,29.395809,47738,2023-08-17,2023-08-22
53,4,5,2023-06-18,2,2,11,26951,0.058006,60,65,2023,2023-06-18,703,469,2.657609,125,15.632997,25387,2023-08-17,2023-08-22
53,5,5,2023-06-18,27,6,34,23721,0.058006,60,65,2023,2023-06-18,619,413,2.339107,110,13.759455,22345,2023-08-17,2023-08-22
53,6,5,2023-06-18,4,3,17,31431,0.058006,60,65,2023,2023-06-18,820,547,3.099403,146,18.231781,29608,2023-08-17,2023-08-22
53,7,5,2023-06-18,1,10,57,134927,0.058006,60,65,2023,2023-06-18,3522,2348,13.305171,626,78.265713,127101,2023-08-17,2023-08-22
53,8,5,2023-06-18,3,2,11,25139,0.058006,60,65,2023,2023-06-18,656,437,2.478951,117,14.582067,23681,2023-08-17,2023-08-22
53,9,5,2023-06-18,15,12,68,75052,0.058006,60,65,2023,2023-06-18,1959,1306,7.400894,348,43.534673,70699,2023-08-17,2023-08-22
53,10,5,2023-06-18,14,12,68,154168,0.058006,60,65,2023,2023-06-18,4024,2683,15.202485,715,89.426383,145225,2023-08-17,2023-08-22
53,11,5,2023-06-18,12,4,23,45311,0.058006,60,65,2023,2023-06-18,1183,788,4.468163,210,26.283312,42683,2023-08-17,2023-08-22
53,12,5,2023-06-18,24,7,40,29113,0.058006,60,65,2023,2023-06-18,760,507,2.8708,135,16.887061,27424,2023-08-17,2023-08-22
53,13,5,2023-06-18,16,4,23,61588,0.058006,60,65,2023,2023-06-18,1608,1072,6.073231,286,35.72489,58016,2023-08-17,2023-08-22
54,1,5,2023-09-06,27,12,68,47442,0.058006,60,65,2023,2023-09-06,1238,826,4.678215,220,27.518909,44690,2023-11-05,2023-11-10
54,2,5,2023-09-06,6,8,45,81084,0.058006,60,65,2023,2023-09-06,2116,1411,7.99566,376,47.033295,76380,2023-11-05,2023-11-10
54,3,5,2023-09-06,24,11,62,45749,0.058006,60,65,2023,2023-09-06,1194,796,4.511258,212,26.536811,43095,2023-11-05,2023-11-10
54,4,5,2023-09-06,49,9,51,35581,0.058006,60,65,2023,2023-09-06,929,619,3.508661,165,20.639182,33517,2023-11-05,2023-11-10
54,5,5,2023-09-06,10,6,34,60031,0.058006,60,65,2023,2023-09-06,1567,1045,5.919688,279,34.821695,56549,2023-11-05,2023-11-10
54,6,5,2023-09-06,61,9,51,36623,0.058006,60,65,2023,2023-09-06,956,637,3.611404,170,21.243551,34499,2023-11-05,2023-11-10
54,7,5,2023-09-06,3,13,74,163403,0.058006,60,65,2023,2023-09-06,4265,2844,16.113184,758,94.783438,153925,2023-11-05,2023-11-10
54,8,5,2023-09-06,36,3,17,12972,0.058006,60,65,2023,2023-09-06,339,226,1.279146,60,7.524387,12219,2023-11-05,2023-11-10
54,9,5,2023-09-06,15,10,57,62544,0.058006,60,65,2023,2023-09-06,1633,1088,6.167412,290,36.278894,58916,2023-11-05,2023-11-10
54,10,5,2023-09-06,63,7,40,106949,0.058006,60,65,2023,2023-09-06,2792,1861,10.546246,496,62.036741,100745,2023-11-05,2023-11-10
54,11,5,2023-09-06,12,6,34,67967,0.058006,60,65,2023,2023-09-06,1774,1183,6.702245,315,39.424968,64025,2023-11-05,2023-11-10
54,12,5,2023-09-06,78,10,57,145260,0.058006,60,65,2023,2023-09-06,3792,2528,14.324036,674,84.259033,136834,2023-11-05,2023-11-10
54,13,5,2023-09-06,64,2,11,27205,0.058006,60,65,2023,2023-09-06,710,473,2.682724,126,15.780731,25627,2023-11-05,2023-11-10
54,14,5,2023-09-06,16,6,34,92383,0.058006,60,65,2023,2023-09-06,2411,1608,9.109847,429,53.587335,87024,2023-11-05,2023-11-10
54,15,5,2023-09-06,28,4,23,45219,0.058006,60,65,2023,2023-09-06,1180,787,4.45903,210,26.22959,42596,2023-11-05,2023-11-10
54,16,5,2023-09-06,21,7,40,29639,0.058006,60,65,2023,2023-09-06,774,516,2.922743,138,17.192603,27920,2023-11-05,2023-11-10
54,17,5,2023-09-06,25,4,23,55511,0.058006,60,65,2023,2023-09-06,1449,966,5.473899,258,32.199407,52291,2023-11-05,2023-11-10
54,18,5,2023-09-06,8,9,51,110234,0.058006,60,65,2023,2023-09-06,2877,1918,10.870171,512,63.942181,103840,2023-11-05,2023-11-10
55,1,5,2023-09-15,26,5,28,45743,0.058006,60,65,2023,2023-09-15,1194,796,4.510687,212,26.533453,43089,2023-11-14,2023-11-19
55,2,5,2023-09-15,68,5,28,50764,0.058006,60,65,2023,2023-09-15,1325,883,5.005849,236,29.446173,47820,2023-11-14,2023-11-19
55,3,5,2023-09-15,4,10,57,104770,0.058006,60,65,2023,2023-09-15,2735,1823,10.331343,486,60.772604,98693,2023-11-14,2023-11-19
55,4,5,2023-09-15,1,3,17,40478,0.058006,60,65,2023,2023-09-15,1057,704,3.991551,188,23.479714,38130,2023-11-14,2023-11-19
55,5,5,2023-09-15,27,7,40,27674,0.058006,60,65,2023,2023-09-15,722,482,2.728959,128,16.052697,26069,2023-11-14,2023-11-19
55,6,5,2023-09-15,16,9,51,138574,0.058006,60,65,2023,2023-09-15,3617,2411,13.66477,643,80.381002,130536,2023-11-14,2023-11-19
55,7,5,2023-09-15,3,13,74,163403,0.058006,60,65,2023,2023-09-15,4265,2844,16.113184,758,94.783438,153925,2023-11-14,2023-11-19
55,8,5,2023-09-15,45,2,11,11530,0.058006,60,65,2023,2023-09-15,301,201,1.137018,54,6.688344,10862,2023-11-14,2023-11-19
55,9,5,2023-09-15,21,6,34,25405,0.058006,60,65,2023,2023-09-15,663,442,2.505208,118,14.736517,23932,2023-11-14,2023-11-19
55,10,5,2023-09-15,34,9,51,146154,0.058006,60,65,2023,2023-09-15,3815,2543,14.412223,678,84.777782,137676,2023-11-14,2023-11-19
55,11,5,2023-09-15,18,4,23,24219,0.058006,60,65,2023,2023-09-15,632,421,2.388195,112,14.048209,22814,2023-11-14,2023-11-19
55,12,5,2023-09-15,5,8,45,124427,0.058006,60,65,2023,2023-09-15,3248,2165,12.269754,577,72.175022,117210,2023-11-14,2023-11-19
55,13,5,2023-09-15,6,9,51,91219,0.058006,60,65,2023,2023-09-15,2381,1587,8.995118,423,52.912457,85928,2023-11-14,2023-11-19
55,14,5,2023-09-15,36,13,74,56211,0.058006,60,65,2023,2023-09-15,1467,978,5.542965,261,32.605677,52950,2023-11-14,2023-11-19
55,15,5,2023-09-15,70,7,40,123461,0.058006,60,65,2023,2023-09-15,3223,2148,12.174431,573,71.614302,116299,2023-11-14,2023-11-19
55,16,5,2023-09-15,14,4,23,51389,0.058006,60,65,2023,2023-09-15,1341,894,5.067495,238,29.808794,48408,2023-11-14,2023-11-19
55,17,5,2023-09-15,31,5,28,62891,0.058006,60,65,2023,2023-09-15,1642,1094,6.20166,292,36.48035,59243,2023-11-14,2023-11-19
55,18,5,2023-09-15,2,7,40,94328,0.058006,60,65,2023,2023-09-15,2462,1641,9.301633,438,54.715489,88856,2023-11-14,2023-11-19
55,19,5,2023-09-15,67,13,74,229735,0.058006,60,65,2023,2023-09-15,5997,3998,22.65418,1066,133.259883,216409,2023-11-14,2023-11-19
55,20,5,2023-09-15,52,10,57,163146,0.058006,60,65,2023,2023-09-15,4259,2839,16.087784,757,94.634024,153682,2023-11-14,2023-11-19
55,21,5,2023-09-15,22,11,62,147974,0.058006,60,65,2023,2023-09-15,3863,2575,14.591737,687,85.833748,139391,2023-11-14,2023-11-19
56,1,5,2023-10-02,6,4,23,40542,0.058006,60,65,2023,2023-10-02,1058,705,3.99783,188,23.516647,38190,2023-12-01,2023-12-06
56,2,5,2023-10-02,29,4,23,38794,0.058006,60,65,2023,2023-10-02,1013,675,3.825451,180,22.502651,36544,2023-12-01,2023-12-06
56,3,5,2023-10-02,36,4,23,17296,0.058006,60,65,2023,2023-10-02,451,301,1.705528,80,10.032516,16292,2023-12-01,2023-12-06
56,4,5,2023-10-02,1,7,40,94449,0.058006,60,65,2023,2023-10-02,2465,1644,9.31362,438,54.785999,88971,2023-12-01,2023-12-06
56,5,5,2023-10-02,3,2,11,25139,0.058006,60,65,2023,2023-10-02,656,437,2.478951,117,14.582067,23681,2023-12-01,2023-12-06
56,6,5,2023-10-02,8,11,62,134731,0.058006,60,65,2023,2023-10-02,3517,2345,13.285764,625,78.151554,126915,2023-12-01,2023-12-06
56,7,5,2023-10-02,7,7,40,93375,0.058006,60,65,2023,2023-10-02,2437,1625,9.207738,433,54.163164,87959,2023-12-01,2023-12-06
56,8,5,2023-10-02,2,12,68,161704,0.058006,60,65,2023,2023-10-02,4221,2814,15.945657,750,93.797981,152325,2023-12-01,2023-12-06
56,9,5,2023-10-02,12,9,51,101951,0.058006,60,65,2023,2023-10-02,2661,1774,10.053367,473,59.137452,96037,2023-12-01,2023-12-06
56,10,5,2023-10-02,61,6,34,24415,0.058006,60,65,2023,2023-10-02,637,425,2.407602,113,14.162367,22999,2023-12-01,2023-12-06
56,11,5,2023-10-02,70,9,51,158735,0.058006,60,65,2023,2023-10-02,4143,2762,15.65284,737,92.075531,149527,2023-12-01,2023-12-06
56,12,5,2023-10-02,41,5,28,31445,0.058006,60,65,2023,2023-10-02,821,547,3.10083,146,18.240175,29621,2023-12-01,2023-12-06
56,13,5,2023-10-02,31,9,51,113203,0.058006,60,65,2023,2023-10-02,2955,1970,11.162987,525,65.664631,106637,2023-12-01,2023-12-06
56,14,5,2023-10-02,26,6,34,54891,0.058006,60,65,2023,2023-10-02,1433,955,5.412824,255,31.840144,51707,2023-12-01,2023-12-06
56,15,5,2023-10-02,33,7,40,36609,0.058006,60,65,2023,2023-10-02,956,637,3.609977,170,21.235157,34485,2023-12-01,2023-12-06
56,16,5,2023-10-02,55,12,68,159516,0.058006,60,65,2023,2023-10-02,4164,2776,15.729897,740,92.528808,150263,2023-12-01,2023-12-06
56,17,5,2023-10-02,18,5,28,30273,0.058006,60,65,2023,2023-10-02,790,527,2.985244,140,17.560261,28517,2023-12-01,2023-12-06
56,18,5,2023-10-02,27,10,57,39535,0.058006,60,65,2023,2023-10-02,1032,688,3.898512,183,22.932425,37241,2023-12-01,2023-12-06
57,1,5,2023-10-05,1,3,17,40478,0.058006,60,65,2023,2023-10-05,1057,704,3.991551,188,23.479714,38130,2023-12-04,2023-12-09
57,2,5,2023-10-05,9,7,40,98096,0.058006,60,65,2023,2023-10-05,2561,1707,9.673219,455,56.901288,92406,2023-12-04,2023-12-09
57,3,5,2023-10-05,7,10,57,133393,0.058006,60,65,2023,2023-10-05,3482,2321,13.153911,619,77.375948,125656,2023-12-04,2023-12-09
57,4,5,2023-10-05,4,2,11,20954,0.058006,60,65,2023,2023-10-05,547,365,2.066269,97,12.154521,19739,2023-12-04,2023-12-09
57,5,5,2023-10-05,5,9,51,139981,0.058006,60,65,2023,2023-10-05,3654,2436,13.803473,650,81.196899,131861,2023-12-04,2023-12-09
57,6,5,2023-10-05,49,2,11,7907,0.058006,60,65,2023,2023-10-05,206,138,0.779702,37,4.586485,7448,2023-12-04,2023-12-09
57,7,5,2023-10-05,25,4,23,55511,0.058006,60,65,2023,2023-10-05,1449,966,5.473899,258,32.199407,52291,2023-12-04,2023-12-09
57,8,5,2023-10-05,6,9,51,91219,0.058006,60,65,2023,2023-10-05,2381,1587,8.995118,423,52.912457,85928,2023-12-04,2023-12-09
57,9,5,2023-10-05,8,7,40,85738,0.058006,60,65,2023,2023-10-05,2238,1492,8.454577,398,49.732807,80764,2023-12-04,2023-12-09
57,10,5,2023-10-05,45,3,17,17296,0.058006,60,65,2023,2023-10-05,451,301,1.705528,80,10.032516,16292,2023-12-04,2023-12-09
57,11,5,2023-10-05,2,5,28,67377,0.058006,60,65,2023,2023-10-05,1759,1172,6.644024,313,39.082492,63469,2023-12-04,2023-12-09
57,12,5,2023-10-05,48,13,74,194293,0.058006,60,65,2023,2023-10-05,5072,3381,19.159218,902,112.701283,183023,2023-12-04,2023-12-09
57,13,5,2023-10-05,23,3,17,28496,0.058006,60,65,2023,2023-10-05,744,496,2.810011,132,16.529477,26843,2023-12-04,2023-12-09
57,14,5,2023-10-05,21,11,62,46576,0.058006,60,65,2023,2023-10-05,1216,811,4.592881,216,27.016948,43875,2023-12-04,2023-12-09
57,15,5,2023-10-05,3,6,34,75417,0.058006,60,65,2023,2023-10-05,1969,1312,7.436854,350,43.746202,71042,2023-12-04,2023-12-09
57,16,5,2023-10-05,65,8,45,104978,0.058006,60,65,2023,2023-10-05,2740,1827,10.351891,487,60.893478,98889,2023-12-04,2023-12-09
57,17,5,2023-10-05,18,12,68,72656,0.058006,60,65,2023,2023-10-05,1897,1264,7.164586,337,42.144626,68441,2023-12-04,2023-12-09
57,18,5,2023-10-05,27,10,57,39535,0.058006,60,65,2023,2023-10-05,1032,688,3.898512,183,22.932425,37241,2023-12-04,2023-12-09
57,19,5,2023-10-05,15,10,57,62544,0.058006,60,65,2023,2023-10-05,1633,1088,6.167412,290,36.278894,58916,2023-12-04,2023-12-09
57,20,5,2023-10-05,24,10,57,41590,0.058006,60,65,2023,2023-10-05,1086,724,4.101143,193,24.124373,39177,2023-12-04,2023-12-09
58,1,5,2023-11-17,24,11,62,45749,0.058006,60,65,2023,2023-11-17,1194,796,4.511258,212,26.536811,43095,2024-01-16,2024-01-21
58,2,5,2023-11-17,10,2,11,20010,0.058006,60,65,2023,2023-11-17,522,348,1.973229,93,11.607232,18850,2024-01-16,2024-01-21
58,3,5,2023-11-17,2,10,57,134754,0.058006,60,65,2023,2023-11-17,3517,2345,13.288047,625,78.164984,126937,2024-01-16,2024-01-21
58,4,5,2023-11-17,35,2,11,23657,0.058006,60,65,2023,2023-11-17,618,412,2.332829,110,13.722521,22285,2024-01-16,2024-01-21
58,5,5,2023-11-17,3,11,62,138264,0.058006,60,65,2023,2023-11-17,3609,2406,13.634233,642,80.20137,130244,2024-01-16,2024-01-21
58,6,5,2023-11-17,8,2,11,24496,0.058006,60,65,2023,2023-11-17,639,426,2.415593,114,14.209373,23076,2024-01-16,2024-01-21
58,7,5,2023-11-17,21,13,74,55045,0.058006,60,65,2023,2023-11-17,1437,958,5.42795,255,31.92912,51852,2024-01-16,2024-01-21
58,8,5,2023-11-17,61,11,62,44762,0.058006,60,65,2023,2023-11-17,1168,779,4.413938,208,25.96434,42165,2024-01-16,2024-01-21
58,9,5,2023-11-17,6,10,57,101355,0.058006,60,65,2023,2023-11-17,2646,1764,9.994575,470,58.791618,95476,2024-01-16,2024-01-21
58,10,5,2023-11-17,1,3,17,40478,0.058006,60,65,2023,2023-11-17,1057,704,3.991551,188,23.479714,38130,2024-01-16,2024-01-21
58,11,5,2023-11-17,11,10,57,119935,0.058006,60,65,2023,2023-11-17,3131,2087,11.826819,557,69.569522,112978,2024-01-16,2024-01-21
58,12,5,2023-11-17,28,12,68,135657,0.058006,60,65,2023,2023-11-17,3541,2361,13.377091,630,78.68877,127788,2024-01-16,2024-01-21
58,13,5,2023-11-17,27,12,68,47442,0.058006,60,65,2023,2023-11-17,1238,826,4.678215,220,27.518909,44690,2024-01-16,2024-01-21
58,14,5,2023-11-17,5,13,74,202194,0.058006,60,65,2023,2023-11-17,5278,3519,19.93835,938,117.28441,190466,2024-01-16,2024-01-21
58,15,5,2023-11-17,12,8,45,90623,0.058006,60,65,2023,2023-11-17,2365,1577,8.936326,421,52.566624,85366,2024-01-16,2024-01-21
58,16,5,2023-11-17,32,3,17,27203,0.058006,60,65,2023,2023-11-17,710,473,2.682439,126,15.779053,25625,2024-01-16,2024-01-21
59,1,5,2023-12-12,16,7,40,107780,0.058006,60,65,2023,2023-12-12,2813,1876,10.628155,500,62.518557,101528,2024-02-10,2024-02-15
59,2,5,2023-12-12,5,5,28,77767,0.058006,60,65,2023,2023-12-12,2030,1353,7.668596,361,45.109389,73256,2024-02-10,2024-02-15
59,3,5,2023-12-12,21,9,51,38108,0.058006,60,65,2023,2023-12-12,995,663,3.757812,177,22.104776,35897,2024-02-10,2024-02-15
59,4,5,2023-12-12,9,7,40,98096,0.058006,60,65,2023,2023-12-12,2561,1707,9.673219,455,56.901288,92406,2024-02-10,2024-02-15
59,5,5,2023-12-12,24,5,28,20795,0.058006,60,65,2023,2023-12-12,543,362,2.050572,96,12.062187,19589,2024-02-10,2024-02-15
59,6,5,2023-12-12,8,2,11,24496,0.058006,60,65,2023,2023-12-12,639,426,2.415593,114,14.209373,23076,2024-02-10,2024-02-15
59,7,5,2023-12-12,39,6,34,36988,0.058006,60,65,2023,2023-12-12,965,644,3.647364,172,21.45508,34842,2024-02-10,2024-02-15
59,8,5,2023-12-12,30,4,23,16393,0.058006,60,65,2023,2023-12-12,428,285,1.616484,76,9.50873,15442,2024-02-10,2024-02-15
59,9,5,2023-12-12,28,3,17,33914,0.058006,60,65,2023,2023-12-12,885,590,3.344273,157,19.672193,31947,2024-02-10,2024-02-15
59,10,5,2023-12-12,20,5,28,46814,0.058006,60,65,2023,2023-12-12,1222,815,4.616284,217,27.15461,44098,2024-02-10,2024-02-15
59,11,5,2023-12-12,52,6,34,97887,0.058006,60,65,2023,2023-12-12,2555,1703,9.65267,454,56.780415,92209,2024-02-10,2024-02-15
59,12,5,2023-12-12,36,12,68,51887,0.058006,60,65,2023,2023-12-12,1354,903,5.116583,241,30.097548,48877,2024-02-10,2024-02-15
59,13,5,2023-12-12,1,10,57,134927,0.058006,60,65,2023,2023-12-12,3522,2348,13.305171,626,78.265713,127101,2024-02-10,2024-02-15
59,14,5,2023-12-12,15,9,51,56289,0.058006,60,65,2023,2023-12-12,1469,980,5.550671,261,32.651005,53024,2024-02-10,2024-02-15
59,15,5,2023-12-12,12,13,74,147262,0.058006,60,65,2023,2023-12-12,3844,2563,14.52153,683,85.420763,138720,2024-02-10,2024-02-15
59,16,5,2023-12-12,6,10,57,101355,0.058006,60,65,2023,2023-12-12,2646,1764,9.994575,470,58.791618,95476,2024-02-10,2024-02-15
59,17,5,2023-12-12,27,6,34,23721,0.058006,60,65,2023,2023-12-12,619,413,2.339107,110,13.759455,22345,2024-02-10,2024-02-15
59,18,5,2023-12-12,11,5,28,59968,0.058006,60,65,2023,2023-12-12,1565,1044,5.913409,278,34.784761,56489,2024-02-10,2024-02-15
59,19,5,2023-12-12,32,4,23,36270,0.058006,60,65,2023,2023-12-12,947,631,3.576585,168,21.038737,34166,2024-02-10,2024-02-15
59,20,5,2023-12-12,4,10,57,104770,0.058006,60,65,2023,2023-12-12,2735,1823,10.331343,486,60.772604,98693,2024-02-10,2024-02-15
59,21,5,2023-12-12,2,7,40,94328,0.058006,60,65,2023,2023-12-12,2462,1641,9.301633,438,54.715489,88856,2024-02-10,2024-02-15
59,22,5,2023-12-12,3,9,51,113125,0.058006,60,65,2023,2023-12-12,2953,1969,11.155282,525,65.619303,106563,2024-02-10,2024-02-15
59,23,5,2023-12-12,57,8,45,36698,0.058006,60,65,2023,2023-12-12,958,639,3.618824,170,21.287199,34570,2024-02-10,2024-02-15
60,1,5,2023-12-20,4,3,17,31431,0.058006,60,65,2023,2023-12-20,820,547,3.099403,146,18.231781,29608,2024-02-18,2024-02-23
60,2,5,2023-12-20,12,3,17,33984,0.058006,60,65,2023,2023-12-20,887,591,3.351122,158,19.712484,32012,2024-02-18,2024-02-23
60,3,5,2023-12-20,2,8,45,107803,0.058006,60,65,2023,2023-12-20,2814,1876,10.630438,500,62.531988,101550,2024-02-18,2024-02-23
60,4,5,2023-12-20,21,5,28,21171,0.058006,60,65,2023,2023-12-20,553,368,2.087673,98,12.280431,19943,2024-02-18,2024-02-23
60,5,5,2023-12-20,1,12,68,161913,0.058006,60,65,2023,2023-12-20,4226,2818,15.966205,751,93.918855,152521,2024-02-18,2024-02-23
60,6,5,2023-12-20,14,6,34,77084,0.058006,60,65,2023,2023-12-20,2012,1341,7.601243,358,44.713192,72613,2024-02-18,2024-02-23
60,7,5,2023-12-20,6,9,51,91219,0.058006,60,65,2023,2023-12-20,2381,1587,8.995118,423,52.912457,85928,2024-02-18,2024-02-23
60,8,5,2023-12-20,8,10,57,122482,0.058006,60,65,2023,2023-12-20,3197,2131,12.077967,568,71.046867,115378,2024-02-18,2024-02-23
60,9,5,2023-12-20,41,9,51,56602,0.058006,60,65,2023,2023-12-20,1477,985,5.581494,263,32.832315,53319,2024-02-18,2024-02-23
60,10,5,2023-12-20,7,12,68,160072,0.058006,60,65,2023,2023-12-20,4178,2786,15.784693,743,92.851138,150787,2024-02-18,2024-02-23
60,11,5,2023-12-20,11,3,17,35981,0.058006,60,65,2023,2023-12-20,939,626,3.548046,167,20.870857,33894,2024-02-18,2024-02-23
60,12,5,2023-12-20,30,10,57,40982,0.058006,60,65,2023,2023-12-20,1070,713,4.04121,190,23.771825,38605,2024-02-18,2024-02-23
60,13,5,2023-12-20,18,7,40,42383,0.058006,60,65,2023,2023-12-20,1106,738,4.179342,197,24.584365,39924,2024-02-18,2024-02-23
60,14,5,2023-12-20,35,5,28,59143,0.058006,60,65,2023,2023-12-20,1544,1029,5.832071,274,34.306303,55712,2024-02-18,2024-02-23
61,1,6,2023-03-01,29,6,18,32594,0.027923,45,42,2023,2023-03-01,410,273,1.547226,73,9.101331,31684,2023-04-15,2023-04-12
61,2,6,2023-03-01,12,7,21,44415,0.027923,45,42,2023,2023-03-01,558,372,2.108371,99,12.402181,43175,2023-04-15,2023-04-12
61,3,6,2023-03-01,23,12,35,63845,0.027923,45,42,2023,2023-03-01,802,535,3.030735,143,17.827853,62063,2023-04-15,2023-04-12
61,4,6,2023-03-01,49,6,18,13287,0.027923,45,42,2023,2023-03-01,167,111,0.630711,30,3.710062,12916,2023-04-15,2023-04-12
61,5,6,2023-03-01,67,8,24,79187,0.027923,45,42,2023,2023-03-01,995,663,3.759022,177,22.111897,76976,2023-04-15,2023-04-12
61,6,6,2023-03-01,11,5,15,33589,0.027923,45,42,2023,2023-03-01,422,281,1.594476,75,9.379268,32651,2023-04-15,2023-04-12
61,7,6,2023-03-01,1,10,29,75576,0.027923,45,42,2023,2023-03-01,950,633,3.58757,169,21.103354,73465,2023-04-15,2023-04-12
